0,https://www.decorilla.com/online-decorating/wp-content/uploads/2020/03/Open-loft-with-rustic-industrial-interior-design.jpeg
1,https://cdn.decoist.com/wp-content/uploads/2014/01/Industrial-dining-room-in-a-warehouse-apartment-870x520.jpg
2,https://lines-hub.com/wp-content/uploads/2019/10/Tradewinds-General-Contracting-Inc.-1170x780.jpg
3,https://images.ctfassets.net/3s5io6mnxfqz/2C9Jestqud3n8x6tZEHdVZ/3fab0cec7ec424fa7500118437db0f99/industrial-interior-design-explained.jpeg
4,https://i.pinimg.com/originals/fa/27/25/fa2725015f6f9caf176e4d3cb23923ce.png
5,https://decoroutdoor.com/blog/wp-content/uploads/2021/06/industrial-loft-apartment.jpg
6,https://i.pinimg.com/736x/53/bf/34/53bf3492eec1dbc571e3de8756cb69e2.jpg
7,https://www.midj.com/images/uploads/blog/_xl/industrial-interior-design.jpg
8,https://cdn.shopify.com/s/files/1/0223/2583/files/why_the_industrial_style_is_so_popular_in_interior_design_blog_image1.jpg?v=1629117992
9,https://images.squarespace-cdn.com/content/v1/55bebb51e4b036c52ebe8c45/1574109628800-TW174BIXYD4J490SO896/black+brick+wall
10,https://curatedinterior.com/wp-content/uploads/2020/11/Metal-and-Wood-Furniture-Industrial-Decor-Elements.jpg
11,https://nextluxury.com/wp-content/uploads/apartment-industrial-interior-design-with-floor-to-ceiling-windows.jpg
12,https://media.istockphoto.com/photos/loft-living-room-and-bedroom-3d-render-picture-id1057844088?k=20&m=1057844088&s=612x612&w=0&h=vzsApiyCEBRle6owlzURaaBlgo6YjgP2FRxK3EMNau0=
13,https://thedesignbasics.com.au/wp-content/uploads/2020/10/nader-arman-UOAYPs60tJQ-unsplash-scaled.jpg
14,https://i.pinimg.com/originals/53/b2/0c/53b20c3153a967a5c070b81cb5fc7f53.jpg
15,https://media.graphassets.com/0mFY4fIUSJyPx7yejEce
16,https://cdn-bnokp.nitrocdn.com/QNoeDwCprhACHQcnEmHgXDhDpbEOlRHH/assets/static/optimized/rev-a2e9e3b/online-decorating/wp-content/uploads/2020/03/Moody-industrial-interior-design.jpg
17,https://www.decoraid.com/wp-content/uploads/2021/04/industrial-apartment-design-scaled.jpeg
18,https://rhinosteeldoors.com/fotoalbums/13/modern-industrial-black-windows-090721223340.jpg
19,https://cdn.shopify.com/s/files/1/0692/2595/articles/Industrial_Interior_1187x.jpg?v=1541083352
20,https://hips.hearstapps.com/hmg-prod.s3.amazonaws.com/images/4-personal-items-studio-6f-1574711715.jpg
21,http://cdn.home-designing.com/wp-content/uploads/2020/01/square-coffee-table.jpg
22,https://t4.ftcdn.net/jpg/04/38/14/89/360_F_438148927_ElpKSrFD85h1oxPOeQc6zSgDyDk0mzPq.jpg
23,https://content.api.news/v3/images/bin/ff2f5b2a9f5114677aabeec7550036ec
24,https://media.designcafe.com/wp-content/uploads/2021/05/29175236/industrial-interior-design.jpg
25,https://cdn1.epicgames.com/ue/product/Screenshot/IF02-19-1920x1080-8dbf5645555a879b82c877a7e59d66d4.jpg?resize=1&w=1920
26,https://lines-hub.com/wp-content/uploads/2019/10/belle-imaging.jpg
27,https://mir-s3-cdn-cf.behance.net/project_modules/fs/2e83cb74135987.5c2398fe71ae4.jpg
28,https://www.porcelanosa.com/trendbook/app/uploads/2021/11/Industrial-interior-design-living-room-Ferroker-40X80.jpg
29,http://cdn.home-designing.com/wp-content/uploads/2021/07/industrial-style-interior.jpg
30,https://img.freepik.com/premium-photo/industrial-style-interior-design-with-grunge-walls-loft-style-3d-render_269031-353.jpg?w=2000
31,https://image.shutterstock.com/image-illustration/industrial-interior-office-3d-render-260nw-617261225.jpg
32,https://en.pimg.jp/054/923/908/1/54923908.jpg
33,https://cdn-bnokp.nitrocdn.com/QNoeDwCprhACHQcnEmHgXDhDpbEOlRHH/assets/static/optimized/rev-a2e9e3b/online-decorating/wp-content/uploads/2020/03/Rustic-industrial-design-style.jpeg
34,http://azulevgrupo.com/blog_assets/uploads/11-2017/large/extreme_sanchis_1OiIK.jpg
35,https://t3.ftcdn.net/jpg/02/37/21/98/360_F_237219882_VZLn19YyQWOrLBZVgo96l6DDb45s5usQ.jpg
36,https://i0.wp.com/ulaburgiel.com/wp-content/uploads/2018/10/Ula-Burgiel-Interiors-Bachelor-Pad-19.jpg?resize=945%2C567&ssl=1
37,https://cdna.artstation.com/p/assets/images/images/028/521/058/large/jan-rodolf-celis-1.jpg?1594723254
38,https://miro.medium.com/max/624/1*_lYF4hlo2s-1Dzu9WnUzog.jpeg
39,https://api.gharpedia.com/wp-content/uploads/2018/08/0502010003-01-Industrial-Interior-style.jpg
40,https://curatedinterior.com/wp-content/uploads/2020/11/15-Key-Elements-of-Industrial-Interior-Design.jpg
41,https://images.squarespace-cdn.com/content/v1/55bebb51e4b036c52ebe8c45/1574109217223-1LG1GOJQQTEXSGKCDQYB/elegant+white+industrial+design
42,https://d1evnkpob02sxb.cloudfront.net/CACHE/images/magazine/images/2016-04-homedsgnmg/94e3e9d7aaa4a7a65403ee28afa35125.jpg
43,https://5.imimg.com/data5/SELLER/Default/2020/9/HS/HC/RG/31675526/industrial-interior-designer-500x500.jpg
44,https://www.aspectwallart.com/ezoimgfmt/cdn11.bigcommerce.com/s-2n13hzlbz1/images/stencil/2560w/uploaded_images/industrial-interior-design-ideas.jpg?ezimgfmt=ng%3Awebp%2Fngcb61&t=1630752391
45,https://www.decorpot.com/images/287848561Industrial-Style-Interior-Design-Ideas-Main.jpg
46,https://i.pinimg.com/236x/28/aa/a7/28aaa79bae25b54ecff59953c3474f0f.jpg
47,https://3dwarehouse.sketchup.com/warehouse/v1.0/publiccontent/40fc8e9d-216e-4783-b859-aba70d7b426d
48,https://cdn.decoist.com/wp-content/uploads/2014/01/Metal-staircase-in-an-industrial-home.jpg
49,https://www.midj.com/images/uploads/blog/01-arredamento-industriale-pippi.jpg
50,http://cdn.home-designing.com/wp-content/uploads/2021/07/industrial-living-room.jpg
51,https://p.turbosquid.com/ts-thumb/IE/4YvWJR/m4/r0001/jpg/1614282957/600x600/fit_q87/1b454752d7d5eb108f237ce76250fdf4e73f63f7/r0001.jpg
52,https://img.freepik.com/premium-photo/industrial-style-interior-design-with-grunge-walls-loft-style-3d-render_269031-357.jpg
53,https://cdn.mos.cms.futurecdn.net/fz4JjcUGSn5myHDLu54NRK-1200-80.jpg
54,https://en.pimg.jp/082/783/963/1/82783963.jpg
55,https://d1evnkpob02sxb.cloudfront.net/CACHE/images/magazine/images/2016-04-vivedecoramg/abb9203b00432cb5d08e4bdc8f0a4b5c.jpg
56,https://decoholic.org/wp-content/uploads/2022/01/modern-japanese-interior-design-1-720x475.jpg
57,http://imagescdn.gettyimagesbank.com/500/19/727/600/0/1145865232.jpg
58,https://lines-hub.com/wp-content/uploads/2019/10/alexmckenziephotography.jpg
59,https://i0.wp.com/ulaburgiel.com/wp-content/uploads/2018/10/Ula-Burgiel-Interiors-Bachelor-Pad-26.jpg?resize=945%2C567&ssl=1
60,https://www.vintageindustrialstyle.com/wp-content/uploads/2013/10/delightfull_diana_011.jpg
61,https://b7a6g5k7.stackpathcdn.com/wp-content/uploads/2021/05/commercial-office-space-with-industrial-elements.jpg
62,https://blenderartists.org/uploads/default/original/4X/f/4/d/f4dbc8fc1320c298b0c8c394d5aa70dd8779d6a5.jpg
63,https://www.balustradecomponents.co.uk/blog/wp-content/uploads/2017/09/kitchen-industrial-interior-design.jpg
64,https://jumanji.livspace-cdn.com/magazine/wp-content/uploads/sites/2/2016/11/23075942/Cover.png
65,http://imagescdn.gettyimagesbank.com/500/19/727/555/0/1145865437.jpg
66,https://s3-eu-west-1.amazonaws.com/deesupsite/wp-content/uploads/2020/09/how-to-create-industrial-interior-look.jpg
67,https://cdn-bnokp.nitrocdn.com/QNoeDwCprhACHQcnEmHgXDhDpbEOlRHH/assets/static/optimized/rev-a2e9e3b/online-decorating/wp-content/uploads/2020/03/Modern-industrial-interior-design-by-Decorilla-designer-Shasta-P.jpeg
68,"https://www.thespruce.com/thmb/_YKJpUFzQ32rnb7-AJUSkL-nNr0=/2000x1600/filters:fill(auto,1)/1-874317ad7b99460fb519229708037ef3.jpg"
69,https://www.innovatusdesign.com/wp-content/uploads/2020/07/003-Industrial-Design-Mood-Board-DRAFT-2-scaled.jpg
70,https://www.porcelanosa.com/trendbook/app/uploads/2021/11/Industrial-interior-design-living-room-Featured-image-1280x720.jpg
71,https://images.squarespace-cdn.com/content/v1/55bebb51e4b036c52ebe8c45/1574109810390-N49G564VT081X67CBTUQ/modern+industrial+ideas+and+designs+48.jpg?format=750w
72,https://mblogthumb-phinf.pstatic.net/MjAxNzAzMTNfMTQ0/MDAxNDg5Mzg0NTM0Nzg1.BtjU7fUnQ6HmGldekaCLAgK-J75VYmrvNmRRPjBbKfkg.UJ4_lRNkPjRAp9bdhWWe6zD4gTK0RYFbzII0Mq9YhNMg.JPEG.jkhhkhh7/old-warehouse-loft.jpg?type=w800
73,https://cdn.apartmenttherapy.info/image/upload/v1578453366/at/house%20tours/2020-01/Lula%20Poggi/PHOTO_12.jpg
74,"https://file.eagle.cool/blog/posts/quick-guide-to-industrial-style-design/Metal%20%26%20Wood.jpg?x-oss-process=image/resize,w_1400/format,webp/quality,q_80"
75,http://azulevgrupo.com/blog_assets/uploads/11-2017/large/factory_sanchis_tIMSr.jpg
76,https://96interior.com.sg/wp-content/uploads/2021/11/modern-industrial-96-interior-living-room-04.jpg
77,https://curatedinterior.com/wp-content/uploads/2021/02/Open-Layout-and-Vintage-Wall-Maps-Decor-industrial-living-room-via-Tilt-Pixel.jpg
78,http://www.ubwood.co.uk/uploads/4/0/2/3/40236947/industrial-interior-living-room_orig.jpg
79,"https://res.cloudinary.com/steelvintage/images/f_auto,q_auto/v1621254921/wordpress_website/SV-BLACKSMITHS-TABLE/SV-BLACKSMITHS-TABLE.jpg?_i=AA"
80,https://mir-s3-cdn-cf.behance.net/project_modules/max_1200/072e9e49353377.58b2612d3ad52.png
81,https://www.decoraid.com/wp-content/uploads/2018/08/industrial-style-interior-design-guide.jpg
82,https://www.impressiveinteriordesign.com/wp-content/uploads/2018/05/high-ceilings-factory-windows-industrial-living-room-decor.jpg
83,http://vintageindustrialstyle.com/wp-content/uploads/2017/10/The-Industrial-Interior-Design-to-Get-Your-Inspirations-Going-3.jpg
84,https://i.pinimg.com/236x/ab/51/ca/ab51cad0a0cf998a41fef42337a40219.jpg
85,https://m.media-amazon.com/images/I/51b7s9VzIXL._AC_SY780_.jpg
86,https://www.dmarge.com/wp-content/uploads/2016/07/industrial.jpg
87,https://i.ytimg.com/vi/YIurY9uCCGE/maxresdefault.jpg
88,https://cdn-com.cosentino.com/usa/wp-content/uploads/2021/07/shutterstock_638582218-2.jpg
89,https://2.bp.blogspot.com/-0wI8qaZRMYc/UpCpj0DolwI/AAAAAAAAcyI/nJRJRFSP6v8/s1600/Industrial_Interior_Design_Idea_from_Moscow_Russia_on_world_of_architecture_01.jpg
90,http://suplugins.com/images/style-focus/industrial/industrial-example-04.jpg
91,https://www.recommend.my/blog/wp-content/uploads/2021/04/image11-2-1000x667.jpg
92,https://image.shutterstock.com/image-illustration/industrial-interior-design-decoration-3d-260nw-405845926.jpg
93,https://architecturebeast.com/wp-content/uploads/2017/04/Modern-industrial-interior-design-in-beautiful-open-apartment-21.jpg
94,https://spacestor.com/media/scaled_images/insights/industrial/project_spacestor_180815-135630_medium.webp
95,https://media.istockphoto.com/photos/modern-loft-interior-design-picture-id892550490?s=612x612
96,https://cdn.webshopapp.com/shops/192182/files/141590261/industrial-interior-design-in-13-simple-steps.jpg
97,"https://res.cloudinary.com/indonesiadesign/image/upload/f_auto,fl_progressive/metal2.jpg"
98,https://images.squarespace-cdn.com/content/v1/5df7de84e82a2910e9e24e0c/1576720152899-0S1CPKU8IYA7N12LOPXT/BLOG_Industrial-Design_10.jpg
99,https://mydecorative.com/wp-content/uploads/2014/03/Modern-Living-Room-Industrial-Interior-Deisgn.jpeg
100,https://cdn.nazmiyalantiquerugs.com/wp-content/uploads/2020/01/industrial-interior-design-rustic.jpg
101,https://cdn.imweb.me/upload/S202009296de27cb1ff0a8/773748d2f0d50.png
102,http://cdn.home-designing.com/wp-content/uploads/2021/07/industrial-home-office.jpg
103,https://rhinosteeldoors.com/fotoalbums/13/industrial-style-black-steel-windows-090721223318.jpg
104,https://cdn.decoist.com/wp-content/uploads/2014/01/Industrial-kitchen-with-vintage-style-seating.jpg
105,https://static.webshopapp.com/shops/192182/files/141591053/industrial-interior-design-22-living-room-impressi.jpg
106,http://imagescdn.gettyimagesbank.com/500/15/443/996/0/493744144.jpg
107,https://planner5d.com/blog/content/images/2022/06/modern-industrial-design_planner5d.jpeg
108,https://cdn.shopify.com/s/files/1/0638/1482/8275/articles/apartment-architecture-bookcase-257344-min.jpg?v=1657031091&width=1100
109,https://t1.daumcdn.net/cfile/tistory/2161214555271F602A
110,https://image.archify.com/blog/l/cnbmdndc.jpg
111,https://cdn1.epicgames.com/ue/product/Screenshot/HighresScreenshot000121920x1080-1920x1080-1d7f1919c49c5669a91f20d0b131a6b3.jpg?resize=1&w=1920
112,http://interiorzine.com/wp-content/uploads/2013/12/bright-candy-color-interior-decor.jpg
113,https://www.jbkind.com/wp-content/uploads/2021/11/Industrial-interior-2-644px.jpg
114,https://cdn.shopify.com/s/files/1/0692/2595/articles/FINISHING_TOUCHES_1200x.jpg?v=1584454472
115,https://curatedinterior.com/wp-content/uploads/2020/11/Exposed-Brick-Kitchen-Industrial-Decor.jpg
116,https://i.ytimg.com/vi/Sie0tEMvIZw/maxresdefault.jpg
117,https://www.homeguide.com.sg/wp-content/uploads/2017/07/home-interior-design-ang-mo-kio-avenue-1-hdb.jpg
118,https://images.squarespace-cdn.com/content/v1/55bebb51e4b036c52ebe8c45/1574107779125-S3CVKDM0Y4TF86474ZRF/rustic+industrial+interiors?format=500w
119,https://cdn.nazmiyalantiquerugs.com/wp-content/uploads/2020/01/industrial-interior-decor-nazmiyal.png
120,https://www.architectureartdesigns.com/wp-content/uploads/2015/07/16-630x420.jpg
121,https://www.cellini.com.sg/image/catalog/Industrial%20Chic%20Interior%20Design%20Ideas.png
122,https://cdn-com.cosentino.com/wp-content/uploads/2021/04/shutterstock_6385822118-2.jpg
123,https://i.pinimg.com/originals/96/3a/7f/963a7f556dc5a6091773814bfa63a52c.jpg
124,https://lh3.googleusercontent.com/HXKgiT-cg2NxMu0WcCh04iJwcCVEGqusIgkMknsae03T38Qs4XC1X9OgNfZgmhU0C1AzdT_l7OIFQeUGtBEnGNcE0V7ZyRvSv59XygINH2XYWYmgJYF8QkW5GDrccpCt4kUIABBj
125,https://p.turbosquid.com/ts-thumb/mQ/wBxAv3/VgSP6ARU/05/jpg/1533286179/600x600/fit_q87/a94f1f47833221761cf58ecdb5647bf3ea5e943c/05.jpg
126,https://www.wallartprints.com.au/blog/wp-content/uploads/2019/06/industrial-interior-design-copper-pipe-furniture.jpg
127,https://cdn.tatlerasia.com/asiatatler/i/sg/2018/11/06100213-story-image-138203_cover_1500x1000.jpg
128,https://media.designcafe.com/wp-content/uploads/2021/05/29171128/avoid-overcrowding-for-that-industrial-interior-design.jpg
129,https://t1.daumcdn.net/cfile/tistory/24690B3851C00B6311
130,https://img.freepik.com/premium-photo/industrial-style-dark-living-room-interior-3d-render_269031-383.jpg?w=2000
131,https://hallmarkfloors.com/wp-content/uploads/2016/06/Gardner-Homes-Kitchen-View--1170x781.jpg
132,"https://res.cloudinary.com/stannard-homes/image/fetch/c_fill,g_auto,f_auto,dpr_auto,w_1170,h_617/https://s3.ap-southeast-2.amazonaws.com/assets.stannard-homes-2019/app/uploads/2019/10/09210630/Untitled-design-62.png"
133,https://cdn.homedit.com/wp-content/uploads/2011/10/industrial-vintage-interior-design.jpg
134,https://www.we-heart.com/upload-images/industrialinteriordesignsmall1.jpg
135,http://www.ubwood.co.uk/uploads/4/0/2/3/40236947/industrial-modern-decor-home_orig.jpg
136,https://decoholic.org/wp-content/uploads/2022/01/modern-japanese-interior-design-7-720x951.jpg
137,https://elliedesignstudio.com/wp-content/uploads/2020/01/Industrial-style-spotlights-1.png
138,http://static1.squarespace.com/static/5c3c4ca8365f02e708cc7c8c/5c53f323e2c483b05562f75c/603b46a3dea190701aa03a41/1657259200140/SwissInterior_Blk%2B83A%2BMacPherson%2BSpring%2B4%2BRoom%2BBTO%2BIndustrial%2BInterior%2BDesign%2B_1.jpg?format=1500w
139,https://www.decoraid.com/wp-content/uploads/2018/08/industrial-style-interior-design.jpg
140,https://cdn.decoist.com/wp-content/uploads/2014/01/Industrial-living-room-with-an-exposed-ceiling.jpg
141,https://cdn.apartmenttherapy.info/image/upload/v1584570839/46350051_samuelclarke0011.jpg
142,https://www.architectureartdesigns.com/wp-content/uploads/2018/11/5-1-630x354.jpg
143,https://adorable-home.com/wp-content/uploads/2021/08/Industrial-interior-design-style.jpg
144,https://i0.wp.com/ulaburgiel.com/wp-content/uploads/2019/08/INSTA_Salon_1-bw.jpg?resize=945%2C567&ssl=1
145,https://www.futuristarchitecture.com/wp-content/uploads/2019/01/Industrial-Loft-11.jpg
146,https://www.homerenoguru.sg/wp-content/uploads/Raw-Textures-and-Materials-from-Swiss-Interior-Design-750x499.jpeg
147,https://www.thespruce.com/thmb/QpjgphznlsadSf4cDEBjyvuN4T0=/1332x882/filters:no_upscale():max_bytes(150000):strip_icc()/ScreenShot2020-11-05at11.04.15AM-a0e313d78dd6471095f3487150f8ad5a.png
148,https://cdn-bnokp.nitrocdn.com/QNoeDwCprhACHQcnEmHgXDhDpbEOlRHH/assets/static/optimized/rev-a2e9e3b/online-decorating/wp-content/uploads/2020/03/Rustic-industrial-style-living-room.jpeg
149,https://vevano.com/zHZzezbqLHC6he_15JMIOEvgDNEoYyZ91gGCyb49O0w/rs:fill:0:0/q:80/aHR0cHM6Ly9jZG4udmV2YW5vLmNvbS9CbG9nL0Jsb2clMjBQb3N0cy9Ib21lJTIwSW50ZXJpb3IlMjBEZXNpZ24lMjBTdHlsZSUyMFdoYXQlMjBpcyUyMEluZHVzdHJpYWwlMjBEZXNpZ24vQ2hhcmFjdGVyaXN0aWNzJTIwb2YlMjBJbmR1c3RyaWFsJTIwSW50ZXJpb3IlMjBEZXNpZ24ucG5n
150,https://cdn.shopify.com/s/files/1/0250/0724/files/Website_Square_1042x1042_BR-CP12-B-PH_OR-CYWL3-B_INDUSTVILLE_B2C_DINING_ROOM_dovecotebarns_www.dovecotebarnsyork.co.uk_600x600.jpg?v=1617286269
151,https://cdniq.us1.myspdn.com/au91efqosjhngi3xkn6d0o4kc/wp-content/uploads/2018/08/Modern-example-of-industrial-interior-design-of-penthouse-in-Kiev-1.jpg
152,https://i0.wp.com/www.interiorcravings.com/wp-content/uploads/2017/01/interior-cravings-modern-industrial-loft-by-croma-living-room-2.jpg?resize=700%2C499
153,https://www.homelane.com/blog/wp-content/uploads/2017/08/shutterstock_600733118.jpg
154,https://www.interiorfun.com/wp-content/uploads/2019/09/open-industrial-living-room2.jpg
155,https://images.unsplash.com/photo-1603787301134-68a9509ecd86?ixlib=rb-1.2.1&ixid=MnwxMjA3fDB8MHxzZWFyY2h8MXx8aW5kdXN0cmlhbCUyMGludGVyaW9yfGVufDB8fDB8fA%3D%3D&w=1000&q=80
156,https://i.shelterness.com/2011/10/35-interesting-industrial-interior-design-ideas-2.jpg
157,https://miro.medium.com/max/664/1*lVqzXh4fHE2sUU1BaXP08A.jpeg
158,https://b7a6g5k7.stackpathcdn.com/wp-content/uploads/2021/05/interior-commercial-design-space-with-concrete-floor.jpg
159,https://www.porcelanosa.com/trendbook/app/uploads/2021/11/Industrial-interior-design-living-room-Colour-scheme.jpg
160,https://thedesigntourist.com/wp-content/uploads/2022/01/interior-of-lounge-with-tv-and-exposed-brick-walls-in-modern-open-plan-house-or-apartment.jpg
161,https://as2.ftcdn.net/v2/jpg/03/16/95/99/1000_F_316959994_FSbPeGVjaXKhxG3Fcdf1XYBVQ4W9sGux.jpg
162,https://www.wallartprints.com.au/blog/wp-content/uploads/2019/06/industrial-interior-design-homebnc-2.jpg
163,https://images.squarespace-cdn.com/content/v1/5c3c4ca8365f02e708cc7c8c/1614497765963-75V4A80UPGH187Y8SZ72/70B+Telok+Blangah+Height%2C+3+Room+HDB+BTO+SwissInterior_Industrial+Interior+Design+_3.jpg
164,https://thegardengranny.com/wp-content/uploads/2020/10/Industrial-Workspace-Interior-1.jpg
165,https://curatedinterior.com/wp-content/uploads/2020/11/Vintage-Furrniture-Industrial-Style-Concrete-Floor-via-VTWonen.jpg
166,https://www.dmarge.com/wp-content/uploads/2016/07/1-Industrial-pipe-railings.jpg
167,https://www.we-heart.com/upload-images/industrialinteriordesign1.jpg
168,https://images.squarespace-cdn.com/content/v1/55bebb51e4b036c52ebe8c45/1574107839853-AOQQHVUB9E0LMZMBUXSC/modern+farmhouse+rustic+kitchen?format=500w
169,https://media.istockphoto.com/photos/panoramic-view-of-an-apartment-loft-in-a-new-york-industrial-style-picture-id1285242400?k=20&m=1285242400&s=612x612&w=0&h=cvnYIJfBVWUqRTKUIa3a8tSrgFgzlR-jy4z-waHZumU=
170,https://cdn.myportfolio.com/34dcbd6cede1ee068f23e66a84a92edf/9c27ada5-fcab-4b29-8712-5eca46887e89_rw_3840.png?h=770070698b4945320bb042c0a07b17fd
171,https://lh5.googleusercontent.com/FdZBEMYr9eLlkflch-XPPdsyw6S4hQQwng1PjG7QJy33lXJR073kfiQLQO4K90LxHB06p45qxy-DJp4wMOiBAH4hD4ACFXHY4Trbybs_ukyMzXaUDaH-y40L60_xgGqDMBtcgmoE
172,https://i.pinimg.com/736x/ba/c4/37/bac437a18c4c9d81b1e7dfe9c5508f23--d-interior-design-interior-rendering.jpg
173,https://image.shutterstock.com/image-illustration/corner-industrial-style-cafe-interior-260nw-1140123353.jpg
174,https://mydecorative.com/wp-content/uploads/2014/03/Industrial-interior-design-living-room.jpg
175,"https://hips.hearstapps.com/hmg-prod.s3.amazonaws.com/images/7-8-color-warm-woods-ck-interior-design-1574712218.jpg?crop=1.00xw:0.753xh;0,0.173xh&resize=480:*"
176,http://vintageindustrialstyle.com/wp-content/uploads/2017/10/The-Industrial-Interior-Design-to-Get-Your-Inspirations-Going-4.jpg
177,http://cdn.home-designing.com/wp-content/uploads/2021/02/yellow-accent-interior.jpg
178,https://media.designcafe.com/wp-content/uploads/2021/05/29174252/opt-for-shades-that-promote-industrial-interior.jpg
179,https://www.emilgroup.com/media/filer_public_thumbnails/filer_public/09/63/09639c23-4692-4e31-8524-36bea318420a/pavimento_gallery-2.jpg__700x700_q75_crop_subsampling-2.jpg
180,https://www.decoraid.com/wp-content/uploads/2018/08/industrial-style-interior-decor-inspiration.jpg
181,https://ulaburgiel.com/wp-content/uploads/2019/09/VIDEO-COVER-YOUTUBE-fb-2.jpg
182,https://cdniq.us1.myspdn.com/au91efqosjhngi3xkn6d0o4kc/wp-content/uploads/2018/08/Modern-example-of-industrial-interior-design-of-penthouse-in-Kiev-7-1.jpg
183,https://www.architectureartdesigns.com/wp-content/uploads/2018/11/17-630x420.jpg
184,https://st.hzcdn.com/fimgs/pictures/living-rooms/industrial-living-room-astrid-interior-design-ltd-img~c901ec5e0c857016_8041-1-2da9299-w360-h360-b0-p0.jpg
185,https://cdn.homedit.com/wp-content/uploads/2020/02/Rustic-colorado-Ranch-by-Axial-Art-Architecture-in-collaboration-with-rebaL-Design-rustic-wall-cover.jpg
186,https://i.insider.com/5fc80cec50e71a00115588c8?width=600&format=jpeg&auto=webp
187,https://media.istockphoto.com/photos/living-room-interior-in-loft-industrial-style-picture-id1194761465?b=1&k=20&m=1194761465&s=170667a&w=0&h=AYby1mhwpZ1CVuPcBtfTf81BPBs0AmVn9qa3FvvFPOQ=
188,https://www.decorilla.com/online-decorating/wp-content/uploads/2020/03/contemporary-industrial-interior.jpeg
189,https://cdn.decoist.com/wp-content/uploads/2014/01/Metallic-details-in-an-industrial-home.jpg
190,https://p.turbosquid.com/ts-thumb/n8/VftSHO/3vTSHEYS/0000/jpg/1521967714/600x600/fit_q87/3589d854f556403dc2a7daf4fc5c94714ce000ec/0000.jpg
191,https://cdn.nazmiyalantiquerugs.com/wp-content/uploads/2020/01/industrial-interior-design-dining-room.jpg
192,https://cdn.apartmenttherapy.info/image/upload/v1554339809/project%20prism/color%20search%20archive/bed9661100cd7bcf4f2b5468087267acfbb27610.jpg
193,https://decoholic.org/wp-content/uploads/2022/01/modern-japanese-interior-design-4-720x475.jpg
194,https://lines-hub.com/wp-content/uploads/2019/10/2id-Interiors-material-exposure.jpg
195,https://www.thespruce.com/thmb/6RhiHsAEIngXouIn4XDuXDOi8-Q=/1000x669/filters:no_upscale():max_bytes(150000):strip_icc()/Kimberly6-5334b5707293455fba6f82d0dc6425c2.jpg
196,https://decoroutdoor.com/blog/wp-content/uploads/2021/06/industrial.jpg
197,https://www.homeguide.com.sg/wp-content/uploads/2019/09/industrial-interior-design-metal-and-wood.jpg
198,https://www.wallartprints.com.au/blog/wp-content/uploads/2019/06/industrial-interior-design-den-87038353.jpg
199,https://3dwarehouse.sketchup.com/warehouse/v1.0/publiccontent/a399e7af-be28-48ab-8fd6-b09a24361e6d
200,http://imagescdn.gettyimagesbank.com/500/16/443/313/0/505682260.jpg
201,https://images.squarespace-cdn.com/content/v1/55bebb51e4b036c52ebe8c45/1574108078132-6SCRRYE7WRQQAGW6P6AW/modern+scandinavian+kitchen?format=500w
202,https://www.porcelanosa.com/trendbook/app/uploads/2021/11/Industrial-interior-design-living-room-Customise.jpg
203,https://vevano.com/dIZV5BSmPCxmydhMRESb0_FuahPR6eBkhDLILHbpCFY/rs:fill:0:0/q:80/aHR0cHM6Ly9jZG4udmV2YW5vLmNvbS9CbG9nL0Jsb2clMjBQb3N0cy9Ib21lJTIwSW50ZXJpb3IlMjBEZXNpZ24lMjBTdHlsZSUyMFdoYXQlMjBpcyUyMEluZHVzdHJpYWwlMjBEZXNpZ24vYmVoemFkLWdoYWZmYXJpYW4tbmhXZ1pOVjg1TFEtdW5zcGxhc2gtbWluLmpwZw
204,https://gharpedias3files.s3.amazonaws.com/uploads/2018/05/Interior-Design-Styles-101-01-0502010009.jpg
205,https://en.pimg.jp/042/651/273/1/42651273.jpg
206,https://images.squarespace-cdn.com/content/v1/5c3c4ca8365f02e708cc7c8c/1614497677458-JOCNJALEJIDQ19BBPTUU/Blk+63+Telok+Blangah+-+3-Room+HDB+Resale+SwissInterior_Industrial+Interior+Design+_2.jpeg
207,"https://hips.hearstapps.com/hmg-prod.s3.amazonaws.com/images/1-scale-studio-sven-1574711375.jpg?crop=1.00xw:0.772xh;0,0.144xh&resize=480:*"
208,https://media.istockphoto.com/photos/modern-loft-style-office-interior-3d-render-picture-id1295550122?k=20&m=1295550122&s=612x612&w=0&h=pkC6UjEvFGZl6nYCfWMK1JGSTefT6CSGvBGr9wteqOE=
209,https://www.decoraid.com/wp-content/uploads/2018/08/industrial-style-how-to-design-guide.jpg
210,https://i.pinimg.com/originals/5c/dc/bc/5cdcbc0dccfce73fea174d2d50dd3873.jpg
211,http://www.delightfull.eu/en/inspirations/wp-content/uploads/2017/09/Inspiring-Industrial-Interiors-That-Features-Exposed-Brick-Walls-3.jpg
212,https://as2.ftcdn.net/v2/jpg/00/56/64/93/1000_F_56649380_s3wwmi9Nd9ZnDdT3nlr4td1Jdh0hloFT.jpg
213,https://cdn.shopify.com/s/files/1/0692/2595/files/MAIN_IMAGE_large.jpg?v=1584453600
214,"https://res.cloudinary.com/indonesiadesign/image/upload/f_auto,fl_progressive/1701d567ed95c6f4485c958d13c74e98.jpg"
215,https://miro.medium.com/max/1066/1*o36pyKzc4kwjkKC-_J6amA.jpeg
216,https://curatedinterior.com/wp-content/uploads/2021/02/Mezzanine-above-Industrial-Living-Room.jpg
217,https://mir-s3-cdn-cf.behance.net/project_modules/max_1200/af76ef25899741.5634c7d0ccaed.png
218,https://i0.wp.com/ulaburgiel.com/wp-content/uploads/2018/10/Ula-Burgiel-Interiors-Bachelor-Pad-6.jpg?resize=945%2C567&ssl=1
219,https://cdn.nazmiyalantiquerugs.com/wp-content/uploads/2020/01/industrial-interior-design-exposed-materials.jpg
220,https://cdn.apartmenttherapy.info/image/upload/v1558704603/at/archive/a8ea970dd93555c4c24ab8623073517e128c39c3.jpg
221,https://media.designcafe.com/wp-content/uploads/2021/05/29172304/raw-industrial-style-interior-design.jpg
222,https://cdn1.epicgames.com/ue/product/Screenshot/2-1920x1080-dae4f3b23056334ce739ba079265c63f.png?resize=1&w=1920
223,http://cdn.home-designing.com/wp-content/uploads/2012/10/3-Industrial-Interior-design.jpeg
224,http://imagescdn.gettyimagesbank.com/500/19/727/561/0/1145865383.jpg
225,https://3dwarehouse.sketchup.com/warehouse/v1.0/publiccontent/c7c8ac2a-d6e1-44ea-8dc0-e827c0584268
226,https://www.wallartprints.com.au/blog/wp-content/uploads/2019/06/industrial-interior-design-loft-189625884.jpg
227,http://vintageindustrialstyle.com/wp-content/uploads/2017/10/The-Industrial-Interior-Design-to-Get-Your-Inspirations-Going-1.jpg
228,https://p.turbosquid.com/ts-thumb/fH/retkLD/Hs/0001/jpg/1610358107/600x600/fit_q87/43c3e3b928d2116f76dd8b4fe6dbcdcbccf6976f/0001.jpg
229,https://www.architectureartdesigns.com/wp-content/uploads/2013/04/ArchitectureArtDesigns-15.jpeg
230,https://images.squarespace-cdn.com/content/v1/55bebb51e4b036c52ebe8c45/1574108577650-HF1F2TT0QU0XIRXB7B1Z/elegant+grey+interior+design
231,https://media.istockphoto.com/photos/empty-modern-office-space-picture-id692886756?b=1&k=20&m=692886756&s=170667a&w=0&h=EgbDYfJSL3YQpqVvXcFOUveHHn-PgjMdXN7bzM1iEFk=
232,https://www.porcelanosa.com/trendbook/app/uploads/2021/11/Industrial-interior-design-living-room-Open-plan.jpg
233,https://vevano.com/nJfl5VnSQFzHLdEuc75xSJs7nPOPCrbjUAT1acxHiQg/rs:fill:0:0/q:80/aHR0cHM6Ly9jZG4udmV2YW5vLmNvbS9CbG9nL0Jsb2clMjBQb3N0cy9Ib21lJTIwSW50ZXJpb3IlMjBEZXNpZ24lMjBTdHlsZSUyMFdoYXQlMjBpcyUyMEluZHVzdHJpYWwlMjBEZXNpZ24vYWRhbS13aW5nZXItVU1teUd1UWVKYTQtdW5zcGxhc2gtbWluLmpwZw
234,https://ak.picdn.net/shutterstock/videos/14984896/thumb/1.jpg?ip=x480
235,https://as1.ftcdn.net/v2/jpg/01/87/33/26/1000_F_187332601_ZC1Ea1sDlnaFptTkUSiaUyCrVONo96PY.jpg
236,https://decoholic.org/wp-content/uploads/2022/01/modern-japanese-interior-design-2-720x475.jpg
237,https://curatedinterior.com/wp-content/uploads/2020/11/15-Must-Know-Industrial-Design-Elements.jpg
238,https://gharpedias3files.s3.amazonaws.com/uploads/2018/07/Contemporary-Style-Interior-01-0502010007.jpg
239,https://images.squarespace-cdn.com/content/v1/5c3c4ca8365f02e708cc7c8c/7816d212-eb33-4f46-954d-8aeb39f41179/Inz+Residences+Living2.jpg?format=1000w
240,https://images.livspace-cdn.com/w:400/h:164/plain/https://jumanji.livspace-cdn.com/magazine/wp-content/uploads/2017/11/27162722/FBcover-2.jpg
241,https://lh4.googleusercontent.com/FpADrj-hs7PKZ6B7gvhxMGB502X8DhIzHRO2zNknD78ztHq409iK1KmBCgpjgjUkL_r8GmY5xPB_ZR6OaN_gkkFw6Dc6pmVoqISXIYIFZKO8-e0Atm6AHhn5GeAfe0IYM6QAlsIZ
242,https://i.pinimg.com/564x/86/04/ed/8604edbdf84a2ed0928f62613fa065c9.jpg
243,"https://hips.hearstapps.com/hmg-prod.s3.amazonaws.com/images/2-furnishings-jessica-lagrange-interiors-2-1574711609.jpg?crop=1.00xw:0.644xh;0,0.155xh&resize=480:*"
244,https://www.decorilla.com/online-decorating/wp-content/uploads/2020/03/Elegant-industrial-interior-design.jpeg
245,https://www.designideasguide.com/wp-content/uploads/2020/11/Rustic-Industrial-Interior-Design.jpg
246,https://mir-s3-cdn-cf.behance.net/project_modules/max_1200/fee4b582699207.5d25992bc3630.jpg
247,https://cdn.apartmenttherapy.info/image/upload/v1594417201/at/image7.jpg
248,http://cdn.home-designing.com/wp-content/uploads/2015/01/industrial-interior.jpg
249,https://foyr.com/learn/wp-content/uploads/2020/04/industrial-interior-design-style-1024x577.png
250,https://cdn.decoist.com/wp-content/uploads/2014/01/Industrial-kitchen-with-vintage-lighting.jpg
251,https://cdn.tlcinteriors.com.au/wp-content/uploads/2018/03/sheridan-slip-cover-sofa-beside-log-fire-with-firewood-storage-ideas.jpg
252,https://media-cdn.tripadvisor.com/media/photo-s/0f/83/41/77/industrial-interior-of.jpg
253,https://overtheedgedesign.files.wordpress.com/2013/06/industrial-style-interior-design-on-budget.jpg
254,"https://img.pixers.pics/pho_wat(s3:700/FO/57/54/78/46/700_FO57547846_aa1c87560bbd07481de1a7b97c3a21cb.jpg,700,467,cms:2018/10/5bd1b6b8d04b8_220x50-watermark.png,over,480,417,jpg)/wall-murals-abandoned-industrial-interior.jpg.jpg"
255,https://www.thegildedpear.com.au/wp-content/uploads/2017/07/what-is-scandi-industrial.jpg
256,https://cdn.myportfolio.com/34dcbd6cede1ee068f23e66a84a92edf/4ed4409a-2420-475c-b0bd-c1545986d012_rw_3840.png?h=11083a4aaa81ee8b4b7b2db477b76c5b
257,https://cdn.nazmiyalantiquerugs.com/wp-content/uploads/2020/01/industrial-design-stripped.jpg
258,http://imagescdn.gettyimagesbank.com/500/13/905/879/0/187880077.jpg
259,http://vintageindustrialstyle.com/wp-content/uploads/2016/07/Offices-with-an-industrial-interior-design-touch_7.jpg
260,https://www.wallartprints.com.au/blog/wp-content/uploads/2019/06/industrial-interior-design-597x1024.jpg
261,https://t1.daumcdn.net/cfile/tistory/2273424555271F741F
262,https://www.architectureartdesigns.com/wp-content/uploads/2018/11/3-2-630x410.jpg
263,http://www.newdesignfile.com/postpic/2009/01/industrial-loft-interior-design_129484.jpg
264,https://images.squarespace-cdn.com/content/v1/55bebb51e4b036c52ebe8c45/1574107930960-U3SMCD7Y21IB3KCTBPIE/modern+industrial+kitchen
265,https://www.decoraid.com/wp-content/uploads/2018/08/industrial-style-kitchen-interior-design.jpg
266,https://st.hzcdn.com/fimgs/pictures/kitchens/industrial-bachelor-pad-nina-williams-interiors-img~3d8150570cd34905_4035-1-8bfbf66-w360-h360-b0-p0.jpg
267,https://media.istockphoto.com/photos/living-room-loft-in-industrial-style-picture-id1134095260?b=1&k=20&m=1134095260&s=170667a&w=0&h=dXxC8dzNajqblPyhcaObn0P5vt7_t_bwliOH3d3vRdQ=
268,https://images.lifestyleasia.com/wp-content/uploads/2019/12/05112015/Jonas-Jacobsson-on-Unsplash.jpg
269,https://i0.wp.com/ulaburgiel.com/wp-content/uploads/2019/09/HOOKED-6.0-nude-brass-with-buster-bulb-gold-ON.jpg?resize=945%2C949&ssl=1
270,"https://res.cloudinary.com/steelvintage/images/w_1920,h_1080/f_auto,q_auto/v1614938218/wordpress_website/SV-GRAND-ARTISAN-TABLE-PS-002/SV-GRAND-ARTISAN-TABLE-PS-002.jpg?_i=AA"
271,https://decoholic.org/wp-content/uploads/2022/01/modern-japanese-interior-design-14-720x480.jpg
272,https://as1.ftcdn.net/v2/jpg/02/72/95/56/1000_F_272955641_kNDmLZqrg4CEMyezGxiNdQSfKf0ZTSI3.jpg
273,https://i.pinimg.com/736x/b6/bf/d3/b6bfd3f5d31307edaf8d4f190f84f4b2.jpg
274,https://www.homestratosphere.com/wp-content/uploads/2017/07/rural-house-tux-creative-entry-sep302019-683x1024.jpg
275,https://cdn.tlcinteriors.com.au/wp-content/uploads/2018/03/dark-and-mood-bedroom-ideas-from-sheridan-with-grey-satin-wall-paint.jpg
276,https://treehouse.co/uploads/industrialny-styl.jpg
277,https://curatedinterior.com/wp-content/uploads/2020/11/Large-Black-Framed-Windows-via-Paulina-Arcklin.jpg
278,https://cdniq.us1.myspdn.com/au91efqosjhngi3xkn6d0o4kc/wp-content/uploads/2018/08/Modern-example-of-industrial-interior-design-of-penthouse-in-Kiev-2-683x1024.jpg
279,https://www.ikea.com/images/industrial-industrial-interior-tips-ivar-cabinet-ikea-interi-c759d14bac3dfffc1a2eb138432418f2.jpg?f=s
280,https://cdn.shopify.com/s/files/1/0250/0724/files/BR-DP13-CP_INDUSTVILLE_B2C_KITCHEN__ourplaceinsale_2_600x600.jpg?v=1631526946
281,https://cdn.decoist.com/wp-content/uploads/2014/01/Industrial-bedroom.jpg
282,http://cdn.home-designing.com/wp-content/uploads/2020/06/industrial-interior.jpg
283,https://www.wallartprints.com.au/blog/wp-content/uploads/2019/06/industrial-interior-design-industrial-decor.jpg
284,https://www.decorilla.com/online-decorating/wp-content/uploads/2021/04/Large-open-concept-interior-filled-with-industrial-decor-and-wall-decor-homedit.jpg
285,https://www.vintageindustrialstyle.com/wp-content/uploads/2016/07/Offices-with-an-industrial-interior-design-touch_15.jpg
286,http://imagescdn.gettyimagesbank.com/500/15/810/017/6/476408900.jpg
287,https://www.architectureartdesigns.com/wp-content/uploads/2018/11/11-1-630x420.jpg
288,"https://cdn.apartmenttherapy.info/image/upload/f_auto,q_auto:eco,w_730/at%2Farchive%2F9b49832119abdb164cd07dd3bac8a88c6d0b2f2f"
289,https://www.we-heart.com/upload-images/industrialinteriordesign2.jpg
290,https://images.squarespace-cdn.com/content/v1/55bebb51e4b036c52ebe8c45/1574107880487-JPY9AZPO2ORMIXE9AJLH/modern+industrial+home?format=500w
291,https://media.istockphoto.com/photos/kitchen-interior-in-loft-industrial-style-picture-id1232193919?b=1&k=20&m=1232193919&s=170667a&w=0&h=_Fm4iiAUfJfWmdK6zgYPs7wYOr2aCNPNLngOGLHGfYg=
292,https://www.decoraid.com/wp-content/uploads/2018/08/industrial-style-dining-room-decor.jpg
293,"https://res.cloudinary.com/steelvintage/images/w_1920,h_1080/f_auto,q_auto/v1614939030/wordpress_website/SV-PILOT-TABLE-008/SV-PILOT-TABLE-008.jpg?_i=AA"
294,https://images.lifestyleasia.com/wp-content/uploads/2019/12/05151642/Screed-Lighting.jpg
295,https://as1.ftcdn.net/v2/jpg/03/87/04/04/1000_F_387040475_VZX9NZ4Ka89FEy7wk9iKUCJlwsegKWHg.jpg
296,https://lh4.googleusercontent.com/3iYJlZV1-SAh13NDa2l-5DCCtouUYGEPtA6jpMXZ-0AIFJgblzDOEel5ulVbW0PxEEBFKQYOj24rGIXI7K-LBb4VWgpl1Xgo2wDBx8Ow0u4g0YNeUQJjKrSy-C9ss97w__as1dOl
297,https://curatedinterior.com/wp-content/uploads/2021/02/High-Ceilings-in-an-Open-Industrial-Living-Room.jpg
298,"http://architizer-prod.imgix.net/media/1498754252598Industrial-rustic-Juan-Valdez-Caf%C3%A9-1.jpg?q=60&auto=format,compress&w=1680&cs=strip"
299,https://en.pimg.jp/039/279/346/1/39279346.jpg
300,https://cdn1.epicgames.com/ue/product/Screenshot/Frame%2055-1920x1080-818f445b35591cb1944c6b2491f62637.jpg?resize=1&w=1920
301,https://media.architecturaldigest.com/photos/63373108541bf2267ba7eaaa/2:1/w_1280%2Cc_limit/Vitra-Showroom-London-Tramshed-HR-7-6618224.jpg
302,https://hallmarkfloors.com/wp-content/uploads/2016/06/Gardner-Homes-Entry-View-1170x781.jpg
303,https://i.pinimg.com/736x/34/51/76/3451769fc718b139633e187570df2fac.jpg
304,https://t1.daumcdn.net/cfile/tistory/2367714555271F7126
305,https://cdn.decoist.com/wp-content/uploads/2014/01/Metal-surfaces-in-an-industrial-kitchen.jpg
306,http://cdn.home-designing.com/wp-content/uploads/2019/06/rattan-floor-pouf.jpg
307,https://images.livspace-cdn.com/w:400/h:164/plain/https://jumanji.livspace-cdn.com/magazine/wp-content/uploads/2017/08/27163428/Cafe-style-design.jpg
308,https://i.ytimg.com/vi/E71CRrNdNvw/maxresdefault.jpg
309,https://www.wallartprints.com.au/blog/wp-content/uploads/2019/06/industrial-interior-design-fantastic-industrial-decor.jpg
310,https://www.vintageindustrialstyle.com/wp-content/uploads/2017/11/7-Tips-to-Turn-Your-Bar-into-a-Modern-Industrial-Interior-Design-1.png
311,https://cdn.tlcinteriors.com.au/wp-content/uploads/2018/03/industrial-dining-table-with-handmade-glazed-vases-from-sheridan.jpg
312,http://imagescdn.gettyimagesbank.com/500/17/443/391/0/864176096.jpg
313,https://i0.wp.com/ulaburgiel.com/wp-content/uploads/2018/10/Ula-Burgiel-Interiors-Bachelor-Pad-12.jpg?resize=945%2C567&ssl=1
314,https://st.hzcdn.com/simgs/5241ff1e0c7a6665_14-4926/home-design.jpg
315,https://www.architectureartdesigns.com/wp-content/uploads/2018/11/4-1.jpg
316,https://images.squarespace-cdn.com/content/v1/55bebb51e4b036c52ebe8c45/1574109079750-APB9IBA1SG7FZNZN0XEQ/colourful+industrial+kitchen
317,https://gharpedias3files.s3.amazonaws.com/uploads/2018/06/0502010006-01-Rustic-Interior-Style.jpg
318,https://content.api.news/v3/images/bin/a9c1ddef17703c3fc6016d4cc75ac407?width=1440
319,https://cdniq.us1.myspdn.com/au91efqosjhngi3xkn6d0o4kc/wp-content/uploads/2018/08/Modern-example-of-industrial-interior-design-of-penthouse-in-Kiev-4-695x1024.jpg
320,https://ak.picdn.net/shutterstock/videos/26815744/thumb/1.jpg?ip=x480
321,https://vevano.com/3dwtGIOeAJfsr5VM04mYowfIQ0P-fPQIf4QGaZUNv1I/rs:fill:0:0/q:80/aHR0cHM6Ly9jZG4udmV2YW5vLmNvbS9CbG9nL0Jhbm5lcnMvYmxkZWFsMTVsaWdodGluZ21vYmlsZS5wbmc
322,https://superbee.co.kr/wp-content/uploads/2017/02/Industrial-Interior-Concrete-Wall-Poster-Mockup-PSD-300x225.jpg
323,https://curatedinterior.com/wp-content/uploads/2020/11/Distressed-Leather-Armchair-Vintage-Industrial-Decor-Living-Room.jpg
324,https://media.designcafe.com/wp-content/uploads/2021/05/29174710/use-pendant-lights-to-recreate-industrial-house-design.jpg
325,https://p.turbosquid.com/ts-thumb/l5/GnPi4Z/NkYsfRg4/2a/jpg/1579649711/600x600/fit_q87/88c98951df13c0450feacd1bfc020116a67185ed/2a.jpg
326,https://cdn1.epicgames.com/ue/product/Screenshot/HighresScreenshot000001920x1080-1920x1080-f37f662c04195f95e846c899847de385.jpg?resize=1&w=1920
327,https://cdn-bnokp.nitrocdn.com/QNoeDwCprhACHQcnEmHgXDhDpbEOlRHH/assets/static/optimized/rev-a2e9e3b/online-decorating/wp-content/uploads/2020/03/Modern-industrial-interior-design-with-rustic-elements.jpeg
328,https://cdn.myportfolio.com/34dcbd6cede1ee068f23e66a84a92edf/608bc021-3ab2-4148-b4f2-5df1963322ec_rw_3840.png?h=857702075433a94ec00c20a31b07ddb4
329,https://t.pimg.jp/038/728/792/1/38728792.jpg
330,https://cdn.decoist.com/wp-content/uploads/2014/01/Stainless-steel-surfaces-in-an-industrial-kitchen.jpg
331,https://mir-s3-cdn-cf.behance.net/project_modules/max_1200/dd350682699207.5d25992bbd9e4.jpg
332,https://as2.ftcdn.net/v2/jpg/04/34/10/43/1000_F_434104355_hvsOyHB3ZQQfvw9mcSe2qVGCcmLdNvxv.jpg
333,https://cdn.tlcinteriors.com.au/wp-content/uploads/2018/03/coastal-industrial-living-room-with-grey-slip-cover-sofa-and-industrial-coffee-table.jpg
334,https://i.pinimg.com/736x/20/53/b9/2053b97e0e0d0d9ae07c1c606105107e--industrial-windows-industrial-interiors.jpg
335,https://www.vintageindustrialstyle.com/wp-content/uploads/2016/07/Offices-with-an-industrial-interior-design-touch_8-e1468259180745.jpg
336,http://imagescdn.gettyimagesbank.com/500/17/148/574/0/653510496.jpg
337,https://i0.wp.com/ulaburgiel.com/wp-content/uploads/2019/09/Muffins_European-Oak_Lucie-Koldova-and-Dan-Yeffet_mlyn_martin_chum.jpg?resize=767%2C1024&ssl=1
338,https://cdn.tatlerasia.com/asiatatler/i/sg/2018/11/06100212-story-image-138206_cover_1500x1410.jpg
339,https://images.squarespace-cdn.com/content/v1/55bebb51e4b036c52ebe8c45/1574108613291-IF866TA14YEEMRVWILT3/industrial+loft+design
340,https://cdn.homedit.com/wp-content/uploads/2016/10/Industrial-storage-firewood-300x250.jpg
341,https://3dwarehouse.sketchup.com/warehouse/v1.0/publiccontent/88e8556e-15ac-4d45-a721-d0d6e648ba0f
342,http://cdn.home-designing.com/wp-content/uploads/2017/06/circular-lighting-exposed-brick-industrial-chic-living-room.jpg
343,"https://hips.hearstapps.com/hmg-prod.s3.amazonaws.com/images/andrea-michaelson-2-1574711892.jpg?crop=1.00xw:0.753xh;0,0.247xh&resize=480:*"
344,https://curatedinterior.com/wp-content/uploads/2021/02/3-Level-Ring-Chandelier-in-industrial-living-room.jpg
345,https://www.we-heart.com/upload-images/industrialinteriordesignsmall2.jpg
346,https://en.pimg.jp/055/520/537/1/55520537.jpg
347,https://p.turbosquid.com/ts-thumb/1B/RUM3Ik/ex/00/jpg/1605096908/600x600/fit_q87/1c3dfbeec6c60570fb302c22892c67108cce8e30/00.jpg
348,https://image.shutterstock.com/image-photo/abandoned-factory-industrial-archeology-architecture-260nw-24123166.jpg
349,https://www.vintageindustrialstyle.com/wp-content/uploads/2016/07/Offices-with-an-industrial-interior-design-touch_featured.jpg
350,https://www.architectureartdesigns.com/wp-content/uploads/2018/11/1-1-630x421.jpg
351,http://imagescdn.gettyimagesbank.com/500/18/986/983/0/1049320724.jpg
352,https://i.pinimg.com/474x/e1/b3/76/e1b376394c4576cdee8eda96324b9e8a--loft-industrial-industrial-living.jpg
353,https://vevano.com/oXrX2TKwxdfvhF2zfPEI8KXM-7UjnyTIHqdNcpEaNmU/rs:fill:206:0/q:80/aHR0cHM6Ly9jZG4udmV2YW5vLmNvbS9CbG9nL0Jsb2clMjBQb3N0cy9Ib21lJTIwSW50ZXJpb3IlMjBEZXNpZ24lMjBTdHlsZSUyMFdoYXQlMjBpcyUyMEluZHVzdHJpYWwlMjBEZXNpZ24vTWFycXVpc0RhcmtXb29kMS5qcGc
354,https://mir-s3-cdn-cf.behance.net/project_modules/1400/d4c5a0100627297.5f0d18e7ab6de.jpg
355,"https://cdn.apartmenttherapy.info/image/upload/f_auto,q_auto:eco,w_730/at%2Farchive%2Ff3bdbe64f52a6aa99d4f9e48e88081e530dc0e89"
356,https://i.ytimg.com/vi/ZsUD1BoVFQI/maxresdefault.jpg
357,http://cdn.home-designing.com/wp-content/uploads/2017/06/dark-grey-exposed-brick-industrial-interior-design-living-room.jpg
358,https://images.squarespace-cdn.com/content/v1/55bebb51e4b036c52ebe8c45/1574108743331-UFEDEGLZIVJPE76C9T3Y/terracotta+brick+wall
359,https://t1.daumcdn.net/cfile/tistory/2216CD4555271F770B
360,https://decoholic.org/wp-content/uploads/2022/01/modern-japanese-interior-design-12-720x951.jpg
361,https://images.livspace-cdn.com/w:400/h:164/plain/https://jumanji.livspace-cdn.com/magazine/wp-content/uploads/2019/10/15104429/Cover-15.jpg
362,https://www.decorilla.com/online-decorating/wp-content/uploads/2021/04/Industrial-Boho-Decor-for-a-city-loft.jpeg
363,https://curatedinterior.com/wp-content/uploads/2021/02/Brown-Leather-Sofa-in-industrial-living-room-via-PHANOMEN-design.jpg
364,https://i0.wp.com/ulaburgiel.com/wp-content/uploads/2019/03/House-in-the-Woods-Interior-Design-Ula-Burgiel-1.jpg?resize=350%2C200&ssl=1
365,https://cdn.decoist.com/wp-content/uploads/2014/01/Metal-and-wood-industrial-shelves-600x584.jpg
366,https://media.istockphoto.com/photos/industrial-interior-pipes-picture-id636952880
367,https://p.turbosquid.com/ts-thumb/G3/YtUgoH/yHEbL0j3/industrial_warehouse_interior_8_0001/jpg/1523600299/600x600/fit_q87/cd0a0f96a4ec7a8540982de79849038aa9035e54/industrial_warehouse_interior_8_0001.jpg
368,https://i.pinimg.com/474x/82/2a/ef/822aefcb2477cba3d32186e5ea3f7007.jpg
369,https://imagescdn.gettyimagesbank.com/500/19/443/785/0/1132565408.jpg
370,https://mir-s3-cdn-cf.behance.net/project_modules/1400/70a2db100627297.5f0d18e7af310.jpg
371,https://gharpedias3files.s3.amazonaws.com/uploads/2018/08/0502010004-01-Minimalist-Interior-Style.jpg
372,"https://res.cloudinary.com/indonesiadesign/image/upload/f_auto,fl_progressive/steel.jpg"
373,http://cdn.home-designing.com/wp-content/uploads/2018/06/Industrial-shelving-unit.jpg
374,https://vevano.com/RCzaNmZWMF7JXy5Eh47gEvDlgO89bovDiXh5dIUTi60/rs:fill:206:0/q:80/aHR0cHM6Ly9jZG4udmV2YW5vLmNvbS9CbG9nL0Jsb2clMjBQb3N0cy9Ib21lJTIwSW50ZXJpb3IlMjBEZXNpZ24lMjBTdHlsZSUyMFdoYXQlMjBpcyUyMEluZHVzdHJpYWwlMjBEZXNpZ24vMTM5NTctMS5qcGc
375,https://images.squarespace-cdn.com/content/v1/55bebb51e4b036c52ebe8c45/1574108805740-XF4N062CL7M0ZZDB6NV4/modern+industrial+apartment
376,https://cdniq.us1.myspdn.com/au91efqosjhngi3xkn6d0o4kc/wp-content/uploads/2018/08/Modern-example-of-industrial-interior-design-of-penthouse-floor-plan.jpg
377,https://t1.daumcdn.net/cfile/tistory/2273104555271F721F
378,https://cdn1.epicgames.com/ue/product/Featured/IndustrialInteriorModularPack_featured-894x488-a3a2b10369bc716ab330b62b0ab879db.png
379,https://images.unsplash.com/opengraph/1x1.png?auto=format&fit=crop&w=1200&h=630&q=60&mark-w=64&mark-align=top%2Cleft&mark-pad=50&blend-w=1&mark=https%3A%2F%2Fimages.unsplash.com%2Fopengraph%2Flogo.png&blend=https%3A%2F%2Fimages.unsplash.com%2Fphoto-1603787301139-657b2d5b1794%3Fcrop%3Dfaces%252Cedges%26cs%3Dtinysrgb%26fit%3Dcrop%26fm%3Djpg%26ixid%3DMnwxMjA3fDB8MXxzZWFyY2h8NHx8aW5kdXN0cmlhbCUyMGludGVyaW9yfGVufDB8fHx8MTY2NDg0NjYxMQ%26ixlib%3Drb-1.2.1%26q%3D60%26w%3D1200%26auto%3Dformat%26h%3D630%26mark-w%3D750%26mark-align%3Dmiddle%252Ccenter%26blend-mode%3Dnormal%26blend-alpha%3D10%26mark%3Dhttps%253A%252F%252Fimages.unsplash.com%252Fopengraph%252Fsearch-input.png%253Fauto%253Dformat%2526fit%253Dcrop%2526w%253D750%2526h%253D84%2526q%253D60%2526txt-color%253D000000%2526txt-size%253D40%2526txt-align%253Dmiddle%25252Cleft%2526txt-pad%253D80%2526txt-width%253D660%2526txt-clip%253Dellipsis%2526txt%253Dindustrial%252520interior%26blend%3D000000
380,https://www.vintageindustrialstyle.com/wp-content/uploads/2016/07/Offices-with-an-industrial-interior-design-touch_1.jpg
381,https://ak.picdn.net/shutterstock/videos/26782927/thumb/1.jpg?ip=x480
382,https://en.pimg.jp/079/273/458/1/79273458.jpg
383,https://decoholic.org/wp-content/uploads/2022/01/modern-japanese-interior-design-3-720x475.jpg
384,https://curatedinterior.com/wp-content/uploads/2020/11/Exposed-Metal-Ceiling-Beams-with-Brick-Ceiling-Industrial-Living-Room-Decor.jpg
385,https://mir-s3-cdn-cf.behance.net/project_modules/1400/37c324100627297.5f0d18e7ae1b8.jpg
386,https://p.turbosquid.com/ts-thumb/jR/cX6cKt/LEm5JqS3/3/jpg/1439998720/600x600/fit_q87/bcbdeb2db4c90c3578a71debc7141f69b282df0a/3.jpg
387,https://as1.ftcdn.net/v2/jpg/03/13/41/90/1000_F_313419065_e7wqv9uQwD6PeUgkKBrSDg57KUF622JX.jpg
388,http://imagescdn.gettyimagesbank.com/500/15/699/016/6/476408898.jpg
389,https://i.pinimg.com/236x/fa/dc/03/fadc03829f378e90e7a5a6d012b27389--industrial-style-lighting-ideas.jpg
390,http://cdn.home-designing.com/wp-content/uploads/2017/06/colourful-two-storey-view-industrial-inspired-living-room.jpg
391,https://images.squarespace-cdn.com/content/v1/55bebb51e4b036c52ebe8c45/1574109193358-E22Z9U9X4GY36G86Z2GG/modern+farmhouse+interiors
392,https://www.architectureartdesigns.com/wp-content/uploads/2015/07/12-630x420.jpg
393,https://www.vintageindustrialstyle.com/wp-content/uploads/2016/07/Offices-with-an-industrial-interior-design-touch_5-e1468259012453.jpg
394,https://cdn.decoist.com/wp-content/uploads/2014/01/Gray-tones-in-an-industrial-bathroom.jpg
395,https://media.istockphoto.com/photos/double-exposure-photo-of-backlit-industrial-interior-in-the-darkness-picture-id622047934?s=612x612
396,https://en.pimg.jp/060/636/772/1/60636772.jpg
397,https://curatedinterior.com/wp-content/uploads/2021/02/Leather-Butterfly-Accent-Chair-in-Industrial-Living-Room-via-Finn-Team-Coldwell-Banker.jpg
398,https://mir-s3-cdn-cf.behance.net/project_modules/1400/6743c0100627297.5f0d18e7aa6d9.jpg
399,https://media.istockphoto.com/photos/empty-storehouse-interior-picture-id824656788?b=1&k=20&m=824656788&s=170667a&w=0&h=ngOhS96UiKEbOvucl3iNX_2YfIxmj9Dy3tv8XhDB-KA=
400,https://i.pinimg.com/originals/4d/0b/0c/4d0b0c80f2c145877e42bc951032ed77.jpg
401,http://cdn.home-designing.com/wp-content/uploads/2021/03/Scandinavian-industrial.-interior.jpg
402,https://p.turbosquid.com/ts-thumb/n8/VftSHO/c9P9bD0U/0001/jpg/1521967714/600x600/fit_q87/47f09ba3d0bf687a30f09857f92a453eab18da49/0001.jpg
403,http://imagescdn.gettyimagesbank.com/500/13/905/423/0/187874581.jpg
404,https://images.squarespace-cdn.com/content/v1/55bebb51e4b036c52ebe8c45/1574108195002-MVWU4XBUP852MHC824AC/chic+black+and+white+interiors
405,http://vintageindustrialstyle.com/wp-content/uploads/2017/11/7-Tips-to-Turn-Your-Bar-into-a-Modern-Industrial-Interior-Design-2.jpg
406,https://www.architectureartdesigns.com/wp-content/uploads/2013/04/ArchitectureArtDesigns-1166.jpg
407,https://en.pimg.jp/048/104/240/1/48104240.jpg
408,https://image.shutterstock.com/image-illustration/abstract-empty-modern-concrete-room-260nw-1639842988.jpg
409,https://curatedinterior.com/wp-content/uploads/2021/02/Cowhide-Rug-in-Industrial-Living-Room-design.jpg
410,https://as2.ftcdn.net/v2/jpg/02/86/08/97/1000_F_286089795_lf0GU1bE7EOCvCazbloVDzMsapGUBuyn.jpg
411,https://cdn.apartmenttherapy.info/image/upload/v1594836376/at/Custom%20Pins/7.15industrialdesign.jpg
412,https://cdn.decoist.com/wp-content/uploads/2014/01/Industrial-seating-from-Restoration-Hardware.jpg
413,https://vevano.com/CKvhiw9y-ICNzZT5v9iuKnvdrfYVO7b855DcWV68eTY/rs:fill:206:0/q:80/aHR0cHM6Ly9jZG4udmV2YW5vLmNvbS9CbG9nL0Jsb2clMjBQb3N0cy9Ib21lJTIwSW50ZXJpb3IlMjBEZXNpZ24lMjBTdHlsZSUyMFdoYXQlMjBpcyUyMEluZHVzdHJpYWwlMjBEZXNpZ24vMjQ0LTEuanBn
414,http://cdn.home-designing.com/wp-content/uploads/2019/07/modern-fireplace-3.jpg
415,https://mir-s3-cdn-cf.behance.net/project_modules/max_1200/13afc025899741.5634c7d0c7b64.png
416,https://images.squarespace-cdn.com/content/v1/55bebb51e4b036c52ebe8c45/1574108146590-1DKTGQGTMJG8LPF35GNC/small+industrial+living+room
417,https://www.vintageindustrialstyle.com/wp-content/uploads/2016/07/Offices-with-an-industrial-interior-design-touch_4-e1468258923546.jpg
418,https://www.decorilla.com/online-decorating/wp-content/uploads/2021/05/Rustic-industrial-interior-design-Wanda-P.jpg
419,https://p.turbosquid.com/ts-thumb/fH/retkLD/WM/0002/jpg/1610358106/600x600/fit_q87/0080286c6b9ffaa0df7e6ac6965a71ef2d9cca4d/0002.jpg
420,http://imagescdn.gettyimagesbank.com/500/13/905/426/0/187867666.jpg
421,https://i.pinimg.com/564x/b1/15/48/b11548cfe0f80a26570e6949fb23c6c7--industrial-interior-design-industrial-interiors.jpg
422,https://as2.ftcdn.net/v2/jpg/04/42/59/45/1000_F_442594543_SbFM80LAEd2bFni01TGmUJzkbbwPPUWR.jpg
423,https://curatedinterior.com/wp-content/uploads/2020/11/Coffee-Table-on-Castors-via-Renee-Arns.jpg
424,https://image.shutterstock.com/image-photo/modern-conveyor-belt-industrial-interior-260nw-295398740.jpg
425,https://en.pimg.jp/079/273/457/1/79273457.jpg
426,http://cdn.home-designing.com/wp-content/uploads/2017/06/cow-hide-rug-quilted-sofa-industrial-chic-living-room-ideas.jpg
427,https://images.squarespace-cdn.com/content/v1/55bebb51e4b036c52ebe8c45/1574108534160-EBKL4Q4DUYJ8VL4NA80R/brick+walls+home
428,http://vintageindustrialstyle.com/wp-content/uploads/2017/11/7-Tips-to-Turn-Your-Bar-into-a-Modern-Industrial-Interior-Design-5.jpg
429,https://p.turbosquid.com/ts-thumb/IE/4YvWJR/7L/r0002/jpg/1614282961/600x600/fit_q87/4d6ab5c9954dfc800aef6a531becde8def2a8c69/r0002.jpg
430,http://imagescdn.gettyimagesbank.com/500/13/905/435/0/187915465.jpg
431,https://i.pinimg.com/736x/fb/f4/37/fbf437cae298a707ad03fb398a5b41cc.jpg
432,https://www.architectureartdesigns.com/wp-content/uploads/2013/04/ArchitectureArtDesigns-18.png
433,https://www.decorilla.com/online-decorating/wp-content/uploads/2021/05/Rustic-industrial-interior-design-for-a-home-office.jpeg
434,https://en.pimg.jp/079/273/455/1/79273455.jpg
435,https://mir-s3-cdn-cf.behance.net/project_modules/max_1200/2890b582699207.5d25992bc59c8.jpg
436,https://as2.ftcdn.net/v2/jpg/02/31/72/91/1000_F_231729176_T4NNRokLV9i8pLl0hEqxGjcFPLUgbhwu.jpg
437,https://cdn.decoist.com/wp-content/uploads/2014/01/Industrial-metal-cabinet.jpg
438,https://curatedinterior.com/wp-content/uploads/2021/02/Distressed-Sofa-in-Industrial-Living-Room-via-Brock-Built.jpg
439,http://cdn.home-designing.com/wp-content/uploads/2017/06/blocks-of-color-french-industrial-living-room.jpg
440,https://images.squarespace-cdn.com/content/v1/55bebb51e4b036c52ebe8c45/1574108108213-6G52X4H7LSPW6GMP5MUR/modern+chic+home+office
441,https://image.shutterstock.com/image-photo/row-industrial-water-pumping-pipeswaste-260nw-1414479218.jpg
442,https://i.pinimg.com/originals/40/82/9d/40829d2da295d84a683cf520f87eb021.jpg
443,http://vintageindustrialstyle.com/wp-content/uploads/2017/11/7-Tips-to-Turn-Your-Bar-into-a-Modern-Industrial-Interior-Design-4.jpg
444,https://www.decorilla.com/online-decorating/wp-content/uploads/2019/06/industrial-style-bedroom.jpg
445,https://as2.ftcdn.net/v2/jpg/04/77/15/43/1000_F_477154365_2uoSvLy8WHglf9fEmDIXyvexOTTYW1nS.jpg
446,https://mir-s3-cdn-cf.behance.net/project_modules/max_1200/e9245149353377.58b2612d3a04a.png
447,https://p.turbosquid.com/ts-thumb/l5/GnPi4Z/01Cngjmu/1a/jpg/1579649711/600x600/fit_q87/d78073f2e8234ed30c4d0727d6345e22d401c76d/1a.jpg
448,https://en.pimg.jp/072/630/203/1/72630203.jpg
449,https://curatedinterior.com/wp-content/uploads/2021/02/Marble-Side-Table-in-Industrial-Living-Room-Modern-Decor-via-Aker-Interiors.jpg
450,http://cdn.home-designing.com/wp-content/uploads/2017/06/wood-and-concrete-industrial-country-living-room.jpg
451,https://cdn.decoist.com/wp-content/uploads/2014/11/Industrial-interiors-have-an-inherently-spacious-appeal.jpg
452,https://images.squarespace-cdn.com/content/v1/55bebb51e4b036c52ebe8c45/1574109105190-HTUSWV8PEKLUCYNMAU3Q/old-world+living+room+design
453,http://vintageindustrialstyle.com/wp-content/uploads/2017/11/7-Tips-to-Turn-Your-Bar-into-a-Modern-Industrial-Interior-Design-7.jpg
454,https://www.architectureartdesigns.com/wp-content/uploads/2013/04/ArchitectureArtDesigns-1242.jpg
455,https://i.pinimg.com/236x/4e/8f/4f/4e8f4f0a27d16d0d648101e6d1316b12.jpg
456,https://en.pimg.jp/079/273/474/1/79273474.jpg
457,https://curatedinterior.com/wp-content/uploads/2020/11/Concrete-Countertops-in-Industrial-Kitchen-with-Exposed-Brick-Walls-and-Rustic-Wood-Panels-via-@cavainterieur.jpg
458,https://as1.ftcdn.net/v2/jpg/02/91/37/60/1000_F_291376018_ZqpmsoaU4yFRzGISTTo24i1opDLhfqt4.jpg
459,http://cdn.home-designing.com/wp-content/uploads/2017/06/concrete-floors-high-ceilings-industrial-living-room-design-ideas.jpg
460,https://images.squarespace-cdn.com/content/v1/55bebb51e4b036c52ebe8c45/1574109275944-C6S3SIV9OABIYVK1Z5B9/cosy+loft+living+room
461,https://mir-s3-cdn-cf.behance.net/project_modules/1400/df125d100627297.5f0d18e7ad5b1.jpg
462,https://cdn.decoist.com/wp-content/uploads/2014/01/Vintage-industrial-dining-chair.jpg
463,http://imagescdn.gettyimagesbank.com/500/19/942/793/0/1171906623.jpg
464,https://i.pinimg.com/736x/75/cd/8d/75cd8d87d5f8e7fde92c113a8d901a60--square-kitchen-industrial-interiors.jpg
465,https://curatedinterior.com/wp-content/uploads/2021/02/Small-Industrial-Living-Room-Design-via-Chris-Bradley-Photography.jpg
466,https://as1.ftcdn.net/v2/jpg/03/09/84/78/1000_F_309847875_wItxUKpeGe02hYAwLjWaWJlsdQCiRtAE.jpg
467,http://cdn.home-designing.com/wp-content/uploads/2017/06/factory-windows-textured-artwork-industrial-look-living-room.jpg
468,https://images.squarespace-cdn.com/content/v1/55bebb51e4b036c52ebe8c45/1574108506065-ULLE5CTI9CFSFWLO3QL0/stylish+modern+kitchen
469,http://imagescdn.gettyimagesbank.com/500/15/296/382/0/472113781.jpg
470,https://i.pinimg.com/236x/8f/55/91/8f559190bcd70b038b55c51aebfb0ba0.jpg
471,https://curatedinterior.com/wp-content/uploads/2021/02/Floor-to-Ceiling-Windows-Industrial-Living-room-loft.jpg
472,https://cdn.decoist.com/wp-content/uploads/2014/11/Aged-look-of-the-booksehlf-and-the-decor-adds-to-the-industrial-appeal-of-the-home-office.jpg
473,http://cdn.home-designing.com/wp-content/uploads/2017/06/light-wood-camera-lights-modern-industrial-living-room.jpg
474,https://as1.ftcdn.net/v2/jpg/03/07/58/76/1000_F_307587644_uwBIGMlXsIpr9zikg3ot2BNua3AIXYdI.jpg
475,https://mir-s3-cdn-cf.behance.net/project_modules/1400/94bd7c102588609.5f3a4ffc7c03c.jpg
476,https://images.squarespace-cdn.com/content/v1/55bebb51e4b036c52ebe8c45/1574107804049-XT4AK0I1VO8C4ZOM1MXO/steel+room+divider
477,https://imagescdn.gettyimagesbank.com/500/19/443/451/0/1132566761.jpg
478,https://i.pinimg.com/736x/8e/b4/b0/8eb4b03891d363ace6499c1c975d90ad.jpg
479,https://curatedinterior.com/wp-content/uploads/2021/02/Spiral-Staircase-in-Industrial-Living-Room-via-Heirloom-Design-Build.jpg
480,http://cdn.home-designing.com/wp-content/uploads/2017/06/exposed-ceiling-beams-rustic-industrial-living-room.jpg
481,https://images.squarespace-cdn.com/content/v1/55bebb51e4b036c52ebe8c45/1574108771275-M54H0EV8OKFRXHM6QHB3/mid+century+modern+living+room
482,http://vintageindustrialstyle.com/wp-content/uploads/2017/11/7-Tips-to-Turn-Your-Bar-into-a-Modern-Industrial-Interior-Design-3.jpg
483,http://imagescdn.gettyimagesbank.com/500/19/296/035/0/1127687715.jpg
484,https://as1.ftcdn.net/v2/jpg/02/27/49/60/1000_F_227496008_Lg9WlkHdW1SsNgEnFFL2Jx231Nx4SzAe.jpg
485,https://i.pinimg.com/236x/cd/fc/bb/cdfcbbd1c55df9b98cd877f98ffbf854.jpg
486,https://curatedinterior.com/wp-content/uploads/2021/02/Branch-Chandelier-in-Industrial-living-room-design-ideas-via-Golovach-Tatiana-and-Andrey-Kot.jpg
487,http://cdn.home-designing.com/wp-content/uploads/2019/06/brown-and-grey-sofa.jpg
488,https://images.squarespace-cdn.com/content/v1/55bebb51e4b036c52ebe8c45/1574109245351-ZLOI1VTY89ZA0XTU53KG/storage+under+stairs
489,https://cdn.decoist.com/wp-content/uploads/2014/11/Minimal-and-calming-home-office-design.jpg
490,https://as2.ftcdn.net/v2/jpg/02/92/72/33/1000_F_292723343_oNTpByBVZYOTQeXuqgskMXuR6mjAnd5R.jpg
491,https://i.pinimg.com/736x/d0/af/9d/d0af9d473a2056e548629a3abfdbef46.jpg
492,http://imagescdn.gettyimagesbank.com/500/17/514/410/0/832513986.jpg
493,http://cdn.home-designing.com/wp-content/uploads/2017/06/red-accent-deer-head-industrial-farmhouse-living-room.jpg
494,https://curatedinterior.com/wp-content/uploads/2021/02/Industrial-Living-Room-with-Metal-Beams-via-Melissa-Winn-Interiors.jpg
495,https://images.squarespace-cdn.com/content/v1/55bebb51e4b036c52ebe8c45/1574107567237-3IRT8UZF8M2LC4WLS25O/modern+grey+kitchen
496,https://i.pinimg.com/736x/c3/c7/73/c3c7734a3fa933299d47ea636eea79e0.jpg
497,https://as2.ftcdn.net/v2/jpg/03/79/41/09/1000_F_379410985_TFWJyh0trXGRJb1UVMFTpHkbk7pAWifp.jpg
498,http://cdn.home-designing.com/wp-content/uploads/2017/06/cubby-seats-roughshod-wooden-floors-industrial-themed-living-room.jpg
499,https://curatedinterior.com/wp-content/uploads/2021/02/Black-Metal-Bookcase-in-Industrial-Living-Room-Design-via-Insight-Vision.jpg
500,https://imagescdn.gettyimagesbank.com/500/13/905/803/0/187918420.jpg
501,https://images.squarespace-cdn.com/content/v1/55bebb51e4b036c52ebe8c45/1574108675817-FISDRMX3AE01VFXQU003/chic+industrial+apartment+design
502,http://vintageindustrialstyle.com/wp-content/uploads/2017/10/The-Industrial-Interior-Design-to-Get-Your-Inspirations-Going-5.jpg
503,https://i.pinimg.com/236x/ec/50/d3/ec50d30b96c167bb8785a37203d9ebf1--industrial-interiors-estilo-industrial.jpg
504,http://cdn.home-designing.com/wp-content/uploads/2017/06/grey-block-l-sofa-industrial-living-room-set.jpg
505,https://as1.ftcdn.net/v2/jpg/02/90/09/52/1000_F_290095252_l42V2QUz1pXbPhk1Qh0vBIvZXJXQYxMA.jpg
506,https://curatedinterior.com/wp-content/uploads/2021/02/Gray-and-Plaid-Throw-Pillows-Industrial-sofa-decor-living-room.jpg
507,http://imagescdn.gettyimagesbank.com/500/19/435/782/0/1179772828.jpg
508,https://images.squarespace-cdn.com/content/v1/55bebb51e4b036c52ebe8c45/1574109575856-ERTLKMC7TGXZFVEBQ5O6/quirky+modern+apartment
509,https://i.pinimg.com/736x/d4/a1/66/d4a1661bb6bfce2ebd73b9c220d516fd.jpg
510,http://cdn.home-designing.com/wp-content/uploads/2017/06/turkish-rug-brown-block-couch-industrial-living-room-furniture.jpg
511,https://as1.ftcdn.net/v2/jpg/03/64/40/84/1000_F_364408444_MkbnqbXkWfI40iosJqqX5ji0jb1m6uWI.jpg
512,https://curatedinterior.com/wp-content/uploads/2021/02/Black-sofa-in-dark-industrial-living-space.jpg
513,https://images.squarespace-cdn.com/content/v1/55bebb51e4b036c52ebe8c45/1574107747570-OZ4TKSVI82LHAXGTO4CP/elegant+modern+kitchen
514,http://imagescdn.gettyimagesbank.com/500/16/443/618/0/519310690.jpg
515,http://cdn.home-designing.com/wp-content/uploads/2017/06/wood-and-chalkboard-industrial-design-living-room.jpg
516,https://i.pinimg.com/originals/89/1b/fd/891bfd80ff528337008242f5b4afe49c.jpg
517,https://curatedinterior.com/wp-content/uploads/2020/11/Large-Metal-Dome-Pendant-Lights-via-Westwing.jpg
518,https://images.squarespace-cdn.com/content/v1/55bebb51e4b036c52ebe8c45/1574109055512-651FUZQ97U5LIDI512L9/modern+bachelors+loft
519,http://imagescdn.gettyimagesbank.com/500/19/435/857/0/1179772774.jpg
520,http://cdn.home-designing.com/wp-content/uploads/2017/06/exposed-grey-brick-wall-dome-pendant-industrial-living-room.jpg
521,https://i.pinimg.com/736x/a9/58/c9/a958c961295e2f197792a8d41d1919b1--decor-industrial-industrial-interiors.jpg
522,https://as2.ftcdn.net/v2/jpg/03/85/23/53/1000_F_385235351_qiZaHUhcvsTb1GOUyTGBBt87fxXucaxJ.jpg
523,https://curatedinterior.com/wp-content/uploads/2021/02/Black-Leather-Chaise-Lounge-in-industrial-living-room-via-John-Senhauser-Architects.jpg
524,http://imagescdn.gettyimagesbank.com/500/19/296/913/0/1127929369.jpg
525,http://cdn.home-designing.com/wp-content/uploads/2017/06/large-abstract-light-wooden-chairs-living-room-industrial.jpg
526,https://i.pinimg.com/736x/59/46/01/594601221a50654539beb0d5e523dfe5.jpg
527,https://images.squarespace-cdn.com/content/v1/55bebb51e4b036c52ebe8c45/1574107654565-ATTRQ4CB8VX5Y6HGX113/small+industrial+living+room
528,https://curatedinterior.com/wp-content/uploads/2021/02/Modern-Industrial-Living-Room-Fireplace-via-Emerick-Architects.jpg
529,http://imagescdn.gettyimagesbank.com/500/13/905/743/0/187876349.jpg
530,http://cdn.home-designing.com/wp-content/uploads/2021/02/black-grey-and-yellow-interior.jpg
531,https://i.pinimg.com/564x/3b/67/dc/3b67dc228520806a338b57366f8cd69a--industrial-interiors-industrial-style.jpg
532,https://images.squarespace-cdn.com/content/v1/55bebb51e4b036c52ebe8c45/1574108278646-J63B6X2IUMN7LFY5UZ1A/modern+loft+apartment
533,https://curatedinterior.com/wp-content/uploads/2020/11/15-Must-See-Industrial-Decor-Ideas.jpg
534,http://imagescdn.gettyimagesbank.com/500/19/593/879/0/1165534612.jpg
535,http://cdn.home-designing.com/wp-content/uploads/2017/06/concrete-wall-living-room-ideas-industrial.jpg
536,https://i.pinimg.com/236x/03/4f/e8/034fe81c5f8a3379f19b124bfd6db8f4--industrial-interior-design-industrial-interiors.jpg
537,https://images.squarespace-cdn.com/content/v1/55bebb51e4b036c52ebe8c45/1574109131690-UXFLHKYBDKTORLOU83U0/modern+small+grey+kitchen
538,https://curatedinterior.com/wp-content/uploads/2021/02/Floor-Lamp-Industrial-Living-Room-with-Brown-Leather-Sofa-and-Black-Metal-Floor-Lamp.jpg
539,http://imagescdn.gettyimagesbank.com/500/21/859/586/0/1330062595.jpg
540,http://cdn.home-designing.com/wp-content/uploads/2017/06/concrete-panel-walls-industrial-style-bedroom-575x325.jpg
541,https://i.pinimg.com/736x/43/3a/45/433a45480f5a93d4d7a12e4f72ca4c19.jpg
542,https://images.squarespace-cdn.com/content/v1/55bebb51e4b036c52ebe8c45/1574108030580-6ARERRPLLY7PXZW2VN87/brick+wall+graffiti
543,http://imagescdn.gettyimagesbank.com/500/19/296/989/0/1127929382.jpg
544,https://curatedinterior.com/wp-content/uploads/2022/06/Bauhaus-Style-Dining-room-decor-design-isthisinteriordesign.jpeg
545,http://cdn.home-designing.com/wp-content/uploads/2017/06/exposed-brick-wooden-floors-rustic-industrial-living-room-ideas.jpg
546,https://i.pinimg.com/736x/a6/f4/ac/a6f4ac19ae64386a6c5b5d6634317c7c--industrial-living-industrial-style.jpg
547,https://images.squarespace-cdn.com/content/v1/55bebb51e4b036c52ebe8c45/1574108961111-5DQR0OCO8A0K8A71MPMK/roughhewn+rock+wall
548,https://curatedinterior.com/wp-content/uploads/2021/02/Rolling-Coffee-Table-Wheels-in-Industrial-Living-Room.jpg
549,http://imagescdn.gettyimagesbank.com/500/19/296/802/0/1127929350.jpg
550,http://cdn.home-designing.com/wp-content/uploads/2019/06/rustic-industrial-kitchen.jpg
551,https://i.pinimg.com/736x/f3/4f/11/f34f114f3ea60dfab68ee1bcfadf62b1.jpg
552,https://images.squarespace-cdn.com/content/v1/55bebb51e4b036c52ebe8c45/1574107595171-DQMOT1SJKRNY2MP1TXO8/iron+lamp
553,http://imagescdn.gettyimagesbank.com/500/17/095/474/0/628137464.jpg
554,http://cdn.home-designing.com/wp-content/uploads/2017/06/brown-leather-chair-full-wall-bookcase-industrial-style-living-room-furniture.jpg
555,https://i.pinimg.com/236x/c1/24/31/c124310ff9df40e3686cca5b3591ecf1--raw-material-exposed-brick-walls.jpg
556,https://curatedinterior.com/wp-content/uploads/2021/02/Metal-Task-Lamp-Industrial-Office-via-Lina-Ikse.jpg
557,http://imagescdn.gettyimagesbank.com/500/20/438/316/0/1232193920.jpg
558,https://images.squarespace-cdn.com/content/v1/55bebb51e4b036c52ebe8c45/1574108915311-DXO6WLKEJTPPUWNVLL4K/steel+mesh+dividers
559,https://curatedinterior.com/wp-content/uploads/2021/02/Metal-Coffee-Table-in-Industrial-living-room-via-Les-Collections-Dubreuil.jpg
560,http://cdn.home-designing.com/wp-content/uploads/2017/06/classic-colour-accents-vintage-industrial-living-room.jpg
561,https://i.pinimg.com/474x/6c/2f/1a/6c2f1a31f676afff33421a76dd45b45a--industrial-interiors-industrial-vintage.jpg
562,http://imagescdn.gettyimagesbank.com/500/19/127/157/0/1171735408.jpg
563,https://images.squarespace-cdn.com/content/v1/55bebb51e4b036c52ebe8c45/1574108710964-BSL0C64VC6UIKGEKWZLV/rustic+wood+diy+chandelier
564,https://curatedinterior.com/wp-content/uploads/2021/02/Gray-Interior-Door-Paint-Industrial-Living-Room-Design-via-Style-Files-Studio-Bril.jpg
565,http://cdn.home-designing.com/wp-content/uploads/2019/06/rustic-living-room.jpg
566,https://i.pinimg.com/474x/05/18/bf/0518bffc0dc048b83e321be4cea11e57.jpg
567,http://imagescdn.gettyimagesbank.com/500/13/296/456/0/173239986.jpg
568,https://images.squarespace-cdn.com/content/v1/55bebb51e4b036c52ebe8c45/1574108318667-MUEZ93U4GPHIY9WN89J8/metal+pegboard+organiser
569,https://curatedinterior.com/wp-content/uploads/2021/02/Bohemian-Industrial-Living-Room-Design-via-TCPeterson-Photography.jpg
570,http://cdn.home-designing.com/wp-content/uploads/2017/06/colourful-block-sofa-living-room-ideas-industrial.jpg
571,https://i.pinimg.com/236x/8f/b2/4f/8fb24f17ebca0c4382e324b7418ac1ce--industrial-loft-industrial-ceiling-design.jpg
572,https://images.squarespace-cdn.com/content/v1/55bebb51e4b036c52ebe8c45/1574108990331-JMB4N3KTQDRS7DQ2CR45/modern+black+kitchen
573,http://imagescdn.gettyimagesbank.com/500/17/443/792/0/858600556.jpg
574,https://curatedinterior.com/wp-content/uploads/2021/02/Blue-velvet-tufted-sofa-in-industrial-living-room-design-via-Grisoro-Designs.jpg
575,https://i.pinimg.com/736x/ba/a0/01/baa00167408297266d26da4895c8bf9b.jpg
576,http://cdn.home-designing.com/wp-content/uploads/2017/06/steel-spiral-staircase-living-room-ideas-industrial.jpg
577,https://images.squarespace-cdn.com/content/v1/55bebb51e4b036c52ebe8c45/1574107687300-NC4VWHGMV1061RIS7FFL/modern+loft+home
578,http://imagescdn.gettyimagesbank.com/500/19/641/137/0/1090127240.jpg
579,https://curatedinterior.com/wp-content/uploads/2021/02/Custom-Geometric-Dining-Furniture-in-Industrial-Dining-Room-via-Nathalie-Priem-for-Domus-Nova-Design.jpg
580,https://i.pinimg.com/736x/fb/c4/9e/fbc49e00a6af68b8d0061ba04d20edb4.jpg
581,http://cdn.home-designing.com/wp-content/uploads/2017/06/bauble-light-chicken-cage-table-industrial-living-room.jpg
582,https://images.squarespace-cdn.com/content/v1/55bebb51e4b036c52ebe8c45/1574109604705-VJCJ8BAV2V6UENO0I55Q/modern+bedroom+design?format=500w
583,https://imagescdn.gettyimagesbank.com/500/19/296/767/0/1127929301.jpg
584,https://i.pinimg.com/736x/e7/42/29/e7422972bc9eefb6ae5a5b6ab9ba6a92--industrial-interior-design-industrial-interiors.jpg
585,https://curatedinterior.com/wp-content/uploads/2021/02/Cage-Lighting-in-Industrial-living-room-lighting-ideas-via-Set-To-Sell-LLC.jpg
586,http://imagescdn.gettyimagesbank.com/500/21/983/168/0/1305907918.jpg
587,https://curatedinterior.com/wp-content/uploads/2021/02/Floating-Bookshelves-on-Wall-of-Industrial-living-room-via-Murdock-Solon-Architects.jpg
588,http://cdn.home-designing.com/wp-content/uploads/2017/06/grey-and-yellow-living-room-industrial-design.jpg
589,https://i.pinimg.com/236x/d3/91/4c/d3914c3679f7332916907b100c5ca4ee.jpg
590,https://imagescdn.gettyimagesbank.com/500/19/641/757/0/1090127274.jpg
591,https://i.pinimg.com/736x/0e/ab/94/0eab944a914502ed45a835a20aead3dd.jpg
592,https://curatedinterior.com/wp-content/uploads/2021/02/Light-Gray-Sectional-Sofa-Industrial-living-Room-via-Four-Point-design-build-inc.jpg
593,https://images.squarespace-cdn.com/content/v1/55bebb51e4b036c52ebe8c45/1574109166043-Y3P62R3NQG13X4OAOULT/modern+minimalist+bathroom
594,http://imagescdn.gettyimagesbank.com/500/19/296/911/0/1127687708.jpg
595,http://cdn.home-designing.com/wp-content/uploads/2016/07/IvanYunakovsmallapartmenttopdownlounge-575x325.jpg
596,https://i.pinimg.com/236x/22/c0/70/22c070b67817e93ac2647467c1b90e73--concrete-interiors-fritz-hansen.jpg
597,https://curatedinterior.com/wp-content/uploads/2021/02/String-Lights-on-ceiling-of-Industrial-Living-Room.jpg
598,https://images.squarespace-cdn.com/content/v1/55bebb51e4b036c52ebe8c45/1574107906037-UYPDAR18MCTSYLU0I845/minimalist+concrete+bathroom
599,http://imagescdn.gettyimagesbank.com/500/19/930/629/0/1142839916.jpg
600,http://cdn.home-designing.com/wp-content/uploads/2018/01/Coral-pink-sofa.jpg
601,https://i.pinimg.com/736x/19/23/06/192306316e1f246fb6b22b57a9531832.jpg
602,https://curatedinterior.com/wp-content/uploads/2021/02/Contemporary-Industrial-Living-Room-Design-via-Office-of-Architecture-Brooklyn.jpg
603,https://images.squarespace-cdn.com/content/v1/55bebb51e4b036c52ebe8c45/1574108644220-93RYPAC9WU9Y6I9WY07N/grey+concrete+living+room
604,http://imagescdn.gettyimagesbank.com/500/17/992/542/0/801824284.jpg
605,http://cdn.home-designing.com/wp-content/uploads/2019/04/copper-kitchen-backsplash-575x325.jpg
606,https://i.pinimg.com/236x/13/75/a9/1375a9fb7874c493e38c0b8df5e29340.jpg
607,http://imagescdn.gettyimagesbank.com/500/20/388/068/0/1224396448.jpg
608,https://images.squarespace-cdn.com/content/v1/55bebb51e4b036c52ebe8c45/1574107968004-SOXPOJ6U88TM0TSDMYLX/rebar+bar+stools?format=500w
609,http://cdn.home-designing.com/wp-content/uploads/2019/11/Black-kitchen-diner.jpg
610,https://i.pinimg.com/236x/0a/a8/22/0aa8225b73d2c9dd68c794651175a4d0--metal-doors-iron-doors.jpg
611,https://images.squarespace-cdn.com/content/v1/55bebb51e4b036c52ebe8c45/1574109010405-ZKDHUPEFX82DAGVTGDMI/vintage+metal+pendant+lights
612,https://i.pinimg.com/236x/22/ff/42/22ff428bc24b57514b18d55ef7ec3d90.jpg
613,https://curatedinterior.com/wp-content/uploads/2020/11/Silver-Metallic-Color-Palette-@amberinteriors.jpg
614,http://cdn.home-designing.com/wp-content/uploads/2021/07/exposed-brick-feature-wall.jpg
615,http://imagescdn.gettyimagesbank.com/500/19/930/227/0/1132255903.jpg
616,https://i.pinimg.com/236x/4a/fe/c8/4afec8cbc6ae13ac7137c2e32ed7015c--industrial-storage-industrial-interiors.jpg
617,https://curatedinterior.com/wp-content/uploads/2022/05/Contemporary-decor-ideas-jeremiah-brent.jpg
618,http://cdn.home-designing.com/wp-content/uploads/2018/06/Home-cinema-screen.jpg
619,https://curatedinterior.com/wp-content/uploads/2022/05/Spanish-decor-Ceiling-Lanterns-holroydstudios.jpg
620,http://cdn.home-designing.com/wp-content/uploads/2016/06/stylish-industrial-themed-kitchen.jpg
621,https://i.pinimg.com/236x/4a/c7/db/4ac7db8bfdc81705095eff775ce625d2.jpg
622,https://curatedinterior.com/wp-content/uploads/2022/04/Mid-century-Boho-Decor-living-room-credenza-via-@______theo.jpg
623,https://i.pinimg.com/236x/38/79/32/3879327569739c7b8608294259ef3a20--loft-style-sliding-doors.jpg
624,http://cdn.home-designing.com/wp-content/themes/homedesigning-theme-last-12/images/from-hd/book-of-beautiful-homes.jpg
625,https://i.pinimg.com/236x/95/54/80/955480aeee6a1a05720c318acd54e03e.jpg
626,https://curatedinterior.com/wp-content/uploads/2022/03/Modern-Coastal-Decor-White-Sofa-via-@dburnsinteriors.jpg
627,http://cdn.home-designing.com/wp-content/uploads/2019/06/exposed-brick-feature-wall.jpg
628,https://i.pinimg.com/736x/7a/ac/d1/7aacd1a6d9f631a59047f12d0f3be48a.jpg
629,http://cdn.home-designing.com/wp-content/uploads/2016/06/simple-industrial-bedroom-style.jpg
630,https://i.pinimg.com/236x/27/1e/c7/271ec7a6cc6dc4b45f8d39edfdbdca14--industrial-interior-design-industrial-interiors.jpg
631,https://i.pinimg.com/736x/95/2a/7f/952a7f8041d61e74a17b1807d29828d9.jpg
632,https://i.pinimg.com/736x/31/1c/5c/311c5c32d8c4dba02c7316b8a7967722.jpg
633,https://i.pinimg.com/originals/8b/9d/c9/8b9dc9b8e02e19e5129501d0849818fe.jpg
634,https://i.pinimg.com/736x/7c/77/a7/7c77a70aaacb4b8f67e9da9602aad6db.jpg
635,https://i.pinimg.com/236x/5d/ff/95/5dff95ba0d9201bada55728d9832bf11--exposed-brick-walls-brick-accent-walls.jpg
636,https://i.pinimg.com/236x/4f/c2/a4/4fc2a4bfbf157fb0e29920bc6cf4e454.jpg
637,https://i.pinimg.com/originals/48/68/b2/4868b2de02b1ac5f120687ef4835c673.jpg
638,https://i.pinimg.com/736x/2f/56/53/2f56537eca091c025c26180b15d1398c--road-cases-trunk-coffee-tables.jpg
639,https://i.pinimg.com/736x/1c/34/0f/1c340f60c008d3a575078db1ba2bd48a.jpg
640,https://i.pinimg.com/736x/26/00/92/2600927a62e71ad30a0ec9e2c0c55adf.jpg
641,https://i.pinimg.com/236x/a5/46/fa/a546fab9742ca956fe5a12c7ee46a0d9--beer-shop-store-design.jpg
642,https://i.pinimg.com/736x/21/a6/6e/21a66e1b06070084d96c4f299942d178.jpg
643,https://i.pinimg.com/236x/1d/b0/4b/1db04b8cebbadbdf921faa574c5555bd.jpg
644,https://i.pinimg.com/564x/f0/ab/6c/f0ab6cba70110f370d45bc496b4c3606.jpg
645,https://i.pinimg.com/736x/a4/d0/4a/a4d04a21e43b5c45257b686f099ff9fd.jpg
646,https://i.pinimg.com/736x/98/74/ef/9874efc5ebd074ebd4e0cd4a8657cff7.jpg
647,https://i.pinimg.com/236x/25/83/0f/25830f4e0126d24245df1e42146a7af6--loft-bedrooms-steel-doors.jpg
648,https://i.pinimg.com/236x/0e/41/01/0e4101e682d9ad990e91a58a3a7b41e5.jpg
649,https://i.pinimg.com/originals/5c/73/42/5c73420e68a2fd5171f0b375a0e5cec5.jpg
650,https://i.pinimg.com/736x/c8/8e/00/c88e006c43768906cc1b65d4e160e2c7--industrial-interior.jpg
651,https://i.pinimg.com/736x/e1/4c/5a/e14c5a1d83d52aa49a14c095cb0b4d4e.jpg
652,https://i.pinimg.com/136x136/d9/f7/a1/d9f7a1e67e8078ab09219705882aa2a7--industrial-office-interior-industrial-office-design-ideas.jpg
653,https://i.pinimg.com/736x/ac/0c/38/ac0c38e614553a6692e9048e28224d87--blenders-product-design.jpg
654,https://i.pinimg.com/736x/88/59/c8/8859c812144f227976002312ab82b99c.jpg
655,https://i.pinimg.com/236x/fd/d4/ce/fdd4cef411283e9ed88d7dd04d8476fb.jpg
656,https://i.pinimg.com/736x/c1/06/3c/c1063c9aed5cdf8c0b7c9298c250403f--industrial-interior.jpg
657,https://i.pinimg.com/736x/f3/87/77/f38777b277b2ab2c61e705fc6a037792.jpg
658,https://i.pinimg.com/236x/d5/83/3a/d5833a41076a0ecf3ab4485fd54f7d2b.jpg
659,https://i.pinimg.com/736x/0d/25/86/0d2586da03cc55f1db1c6cdc668206a0.jpg
660,https://i.pinimg.com/originals/e6/66/85/e66685f3c40b3aac1942e4459caaf0f1.jpg
