0,https://t1.daumcdn.net/cfile/tistory/99DAF44B5F9786C92C
1,http://www.sukbakmagazine.com/news/photo/201910/51105_402236_1336.jpg
2,https://www.style-files.com/wp-content/uploads/2019/01/ivens1.jpg
3,http://cdn.home-designing.com/wp-content/uploads/2015/11/bright-and-playful-scandinavian-interior.jpg
4,https://images.squarespace-cdn.com/content/v1/5a55a434a803bbf984c4a4aa/1521604905590-B6ZWPCEBSTL44D0WBA14/BBI+2.7.18+FB.png?format=1000w
5,https://www.decorilla.com/online-decorating/wp-content/uploads/2022/01/Biophilic-interior-design-by-Wanda-P.jpg
6,https://www.unsustainablemagazine.com/wp-content/uploads/2021/05/1-2.jpg
7,https://images.squarespace-cdn.com/content/v1/5695812be0327cb166fdcf45/1595450093102-LP53AE1KXM3IZRI9AM0I/Natural+Interior+Design%3A+How+to+Incorporate+the+Trend+into+Your+Home
8,https://www.unsustainablemagazine.com/wp-content/uploads/2021/05/3-2.jpg
9,https://cdn.shopify.com/s/files/1/0104/1524/3330/files/Zoco_Home_Cabopino-20_5.jpg?v=1619603171
10,https://i.pinimg.com/736x/66/d7/3d/66d73dc5f68feaec8771472e890b9910.jpg
11,https://www.tollbrothers.com/blog/wp-content/uploads/2022/01/natural-design-4-2.jpg
12,https://www.anticcolonial.com/wp-content/uploads/2018/06/madera-natural.jpg
13,https://mir-s3-cdn-cf.behance.net/project_modules/max_1200/04c5a454860579.596cf7c102229.jpg
14,https://www.carpetone.com.au/wp-content/uploads/2021/09/iStock-1254529089.jpg
15,https://www.thedesignsheppard.com/wp-content/uploads/2021/02/CHAPLINS-Pacha-Lounge-Chair-with-armrests-by-Gubi.jpg
16,http://cdn.home-designing.com/wp-content/uploads/2015/11/natural-interior-design1.jpg
17,https://as2.ftcdn.net/v2/jpg/02/10/30/03/1000_F_210300351_4GbBcEWILw5PBpsDumltOpQBjMqzUzgP.jpg
18,https://image.shutterstock.com/image-illustration/zen-interior-potted-bamboo-plant-600w-1140113609.jpg
19,http://imagescdn.gettyimagesbank.com/500/18/206/096/0/1030770394.jpg
20,https://images.squarespace-cdn.com/content/v1/58b7ef732994caafdbc67049/1569204265887-6B1IQR2O21PQ6X4CBHOL/bring-outdoors-inside-interior-design.jpg
21,https://thumbs.dreamstime.com/b/zen-interior-potted-bamboo-plant-natural-design-concept-living-room-beige-tones-wooden-concrete-details-window-parquet-172795738.jpg
22,https://nordicdesign.ca/wp-content/uploads/2018/10/Delicate-and-natural-interior-12.jpg
23,https://www.kassavello.com/blog/wp-content/uploads/2018/07/healing-power-nature-inside-home2.jpg
24,https://i.pinimg.com/originals/1d/a0/45/1da045df6c6aa68d6a3f6efb93bb04cb.jpg
25,https://morettiinteriordesign.com/wp-content/uploads/2018/02/nature-indoors-1.jpg
26,https://jessica-elizabeth.net/wp-content/uploads/2019/03/Screen-Shot-2019-03-21-at-22.43.05.png
27,https://www.anticcolonial.com/wp-content/uploads/2018/06/interiorismo-madera-natural.jpg
28,https://www.decorilla.com/online-decorating/wp-content/uploads/2022/01/Biophilic-interior-design-concept.jpg
29,https://static.dezeen.com/uploads/2021/08/rustic-interiors-lookbook_dezeen_2364_hero-852x479.jpg
30,https://media.istockphoto.com/photos/zen-interior-with-potted-bamboo-plant-natural-interior-design-concept-picture-id982365596
31,https://depezcetgjw6t.cloudfront.net/wp-content/uploads/2015/11/White20Gloss20Furniture20Ideas20for20This20Winter204.png
32,https://images.squarespace-cdn.com/content/v1/5d3ee2b39880d800016f35bb/1580983865541-80JPH07OX9W40C93R1WS/image+1.jpg?format=1000w
33,https://images.squarespace-cdn.com/content/v1/5a96d5d61aef1d04b8d841be/1634663851855-57YTCFSS2GZ6FRIU71K2/organic-modern-style-interior-design-LivingB-01.jpeg
34,https://images.adsttc.com/media/images/6218/10a1/6864/9401/64c4/79b2/newsletter/estar-planta-baja-2-can-monges-ok.jpg?1645744314
35,https://mir-s3-cdn-cf.behance.net/project_modules/1400/26c08399641345.5ef7973336138.png
36,http://imagescdn.gettyimagesbank.com/500/18/148/402/0/915700256.jpg
37,https://as1.ftcdn.net/v2/jpg/02/09/97/68/1000_F_209976871_w6TPNuYTQogFuTn21kLYyiM3012vMmp9.jpg
38,https://mydecorative.com/wp-content/uploads/2020/06/significance-of-natural-materials-in-your-interior-design.jpg
39,https://media.tarkett-image.com/medium/IN_trends_2021_Natural-Bond_landscape.jpeg
40,https://uberhausinteriors.com/wp-content/uploads/2019/05/uber_haus_blog-natural-materials.jpg
41,https://www.tollbrothers.com/blog/wp-content/uploads/2022/01/natural-design-3.jpg
42,https://havenly.com/blog/wp-content/uploads/2021/05/Lisa2-1670x970-1.jpg
43,https://images.squarespace-cdn.com/content/v1/5695812be0327cb166fdcf45/1595450240214-0JR1XP8HGZOIM4LOCGLV/Rattan+Bed
44,http://coresos.phinf.naver.net/a/310e9h/9_4h8Ud018svchoeccf2ctos_fn74am.png
45,https://i.imgur.com/VTcfKOg.jpg
46,https://phmkorea.com/wp-content/uploads/2016/09/%EC%A4%91%EA%B5%AD-%ED%95%98%EC%9A%B0%EC%8A%A4-simple-natural-interior-design.jpeg
47,https://image.shutterstock.com/image-illustration/tropical-interior-design-natural-style-260nw-767106052.jpg
48,https://thumbs.dreamstime.com/z/zen-interior-potted-bamboo-plant-natural-design-concept-contemporary-white-kitchen-inner-garden-minimal-architecture-arch-120539205.jpg
49,http://magazine-mn.com/_nw/9/20033023.jpg
50,https://i.pinimg.com/originals/e2/42/9c/e2429c84a0375dd2d0f9f36cc2ab250d.jpg
51,https://www.sitaward.com/wp-content/uploads/2020/09/vinicius-amnx-amano-17NCG_wOkMY-unsplash.jpeg
52,https://miro.medium.com/max/1128/0*DUeyXrSALHsPMFuV.
53,http://imagescdn.gettyimagesbank.com/500/19/206/482/0/1161349478.jpg
54,https://www.mymove.com/wp-content/uploads/2018/09/GettyImages-1202936119-1-600x400.jpg
55,https://www.traceymannellinteriordesign.co.uk/wp-content/uploads/2018/05/Untitled-design-26-1.png
56,http://cdn.home-designing.com/wp-content/uploads/2018/10/Purple-modern-sofa.jpg
57,http://gdimg.gmarket.co.kr/1961896926/still/600?ver=1606788873
58,https://as1.ftcdn.net/v2/jpg/02/09/89/00/1000_F_209890088_ppdeWqxyM9Uj2dXbkR1eL4BCu4WDR147.jpg
59,https://www.tollbrothers.com/blog/wp-content/uploads/2022/01/natural-design-2.jpg
60,http://decor24online.com/wp-content/uploads/2020/01/imgonline-com-ua-Mirror-1hW3hATt9fldE.jpg
61,https://images.adsttc.com/media/images/5e67/ffd9/b357/658e/fb00/0399/newsletter/GamFratesi.jpg?1583874004
62,https://www.naturalinteriors.com/wp-content/uploads/homebox-2.jpg
63,https://image.yes24.com/goods/59054787/XL
64,https://www.deteldesign.com/wp-content/uploads/2020/02/028.jpg
65,https://www.mymove.com/wp-content/uploads/2013/10/GettyImages-1158662825-600x450.jpg
66,https://www.chalkandmoss.com/wp-content/uploads/2017/05/My-biophilic-home-scaled-1170x879.jpg
67,http://residencestyle.com/wp-content/uploads/2016/08/Small-dining-room-with-flood-of-natural-light-in-interior-design.jpg
68,https://buildingmaterials.com.my/wp-content/uploads/2016/12/Nature-Interior-Design-10.jpg
69,https://www.digsdigs.com/photos/modenr-calm-looking-interior-in-neutral-colors-1-554x554.jpg
70,https://i.pinimg.com/236x/17/c0/22/17c02234bcdb19bacf4b72fd46e6d13b.jpg
71,https://image.shutterstock.com/shutterstock/photos/1686308068/display_1500/stock-photo-zen-interior-with-potted-bamboo-plant-natural-interior-design-concept-old-style-living-room-in-1686308068.jpg
72,http://cdn.home-designing.com/wp-content/uploads/2014/08/indoor-garden.jpg
73,https://media.tarkett-image.com/medium/IN_Trends_Majestic_Nature_04.jpg
74,https://imagescdn.gettyimagesbank.com/500/18/206/606/0/990877714.jpg
75,https://www.lovehappensmag.com/blog/wp-content/uploads/2021/03/200928_LauraPassey_014-scaled.jpg
76,https://cdn.trendir.com/wp-content/uploads/old/house-design/natural-home-architectural-interior-design-8.jpg
77,https://as2.ftcdn.net/v2/jpg/04/27/18/29/1000_F_427182962_wPj0dLpAHobm3lSqAqSDuRcdlDDr0Orn.jpg
78,https://www.mixtemagazine.ca/wp-content/uploads/2019/07/PIERREMARTIN_05SEPT2018_049.jpg
79,https://en.pimg.jp/062/055/176/1/62055176.jpg
80,https://www.stylemotivation.com/wp-content/uploads/2015/01/Bring-Natural-and-Organic-Elements-to-your-Living-Space-20-Amazing-Design-Ideas-1-620x412.jpg
81,https://ggwinner.img47.makeshop.info/web/ogan/interior/new-lime-01-01.jpg
82,https://mblogthumb-phinf.pstatic.net/MjAxOTA4MDVfMjgy/MDAxNTY0OTYyMTQ0NDU2.ESgTaXwDrp--I1M3LrCcauUK1IXNjlysrLxjIF4Tlbwg.egCRzrazHXIKYbpU88qC2TFLjgblVN4zyJ0KqCk0-J8g.JPEG.o8o8o8486/output_1949137473.jpg?type=w800
83,https://www.tollbrothers.com/blog/wp-content/uploads/2022/01/natural-design-5.jpg
84,https://lookaside.fbsbx.com/lookaside/crawler/media/?media_id=992369967761865
85,https://i.imgur.com/Broh1Pn.jpg
86,https://cdn.shopify.com/s/files/1/0104/1524/3330/files/Zocohome_25_3.jpg?v=1619603321
87,http://decoholic.org/wp-content/uploads/2016/12/modern-mounten-home-interior-design.jpg
88,https://partner.gira.de/abbildungen/g-pulse-natural-stone-wall-casalgrande-pandana_27008_1659091986.jpg
89,https://i.pinimg.com/originals/c7/64/3b/c7643bbc891854b2342fefccefe341ce.png
90,https://previews.123rf.com/images/bialasiewicz/bialasiewicz1903/bialasiewicz190300363/119191737-stylish-living-room-interior-design-with-scandinavian-settee-grey-wall-and-natural-accents.jpg
91,https://www.idesignarch.com/wp-content/uploads/Modern-Elegant-Home-Renovation-Minsk-Belarus_1.jpg
92,https://www.makingyourhomebeautiful.com/wp-content/uploads/2017/01/natural-colours-Kate-Marker-Interiors.jpg
93,https://lookaside.fbsbx.com/lookaside/crawler/media/?media_id=992375367761325
94,https://blog.egecarpets.com/hs-fs/hubfs/blogposts/poms/Nature%20references/pom_nature_booking.com_04.jpg?width=1600&name=pom_nature_booking.com_04.jpg
95,https://t1.daumcdn.net/cfile/tistory/99A7413D5F9799EC32
96,http://www.sukbakmagazine.com/news/photo/201910/51105_402235_1335.jpg
97,https://brabbu.com/blog/wp-content/uploads/2021/01/Earth-Tones-The-Decor-Trend-that-Brings-Nature-into-Your-Home-2.jpg
98,"https://sp-ao.shortpixel.ai/client/to_webp,q_lossy,ret_img,w_801,h_601/https://www.lovehappensmag.com/blog/wp-content/uploads/2021/04/empire-walnut-center-table-04-boca-do-lobo-studia-54-edited-2.png"
99,https://de927adv5b23k.cloudfront.net/wp-content/uploads/2017/09/23134606/natural-stone.jpg
100,http://imagescdn.gettyimagesbank.com/500/19/206/925/0/1144298902.jpg
101,https://www.lushome.com/wp-content/uploads/2015/01/natural-wood-interior-design-decorating-ideas-3.jpg
102,http://cdn.home-designing.com/wp-content/uploads/2015/11/striped-scandinavian-decor.jpg
103,https://uploads-ssl.webflow.com/5894a32730554b620f7bf36d/5f6ca1f69f434559116644f1_Interior%20Design%20Inspiration%20Color%20in%20Nature%202020.jpg
104,https://www.naturalinteriors.com/wp-content/uploads/2020/03/slide-1.jpg
105,"https://previews.123rf.com/images/tonporkasa/tonporkasa2007/tonporkasa200700004/150961012-collection-natural-interior-with-wood-wall,color-wood-samples.-%C3%B0%C2%A1atalog-of-wood-materials-for-design-on-a-light-background.-collection-of-surface-boards.-wood-color-and-texture-samples..jpg"
106,https://hips.hearstapps.com/hbu.h-cdn.co/assets/17/16/1492447137-natural-wood-4.jpg?resize=480:*
107,https://www.residentialproductsonline.com/sites/rpo/files/u4880/2020-12/Natural-Interior-Design.jpg
108,https://ecs7.tokopedia.net/blog-tokopedia-com/uploads/2018/03/natural-interior-3.jpg
109,https://img.freepik.com/premium-vector/natural-interior-design-social-media-post-set_598676-28.jpg
110,https://www.versa-home.es/img/cms/NATURA%204.jpg
111,https://www.thenordroom.com/wp-content/uploads/2021/12/natural-living-room-organic-shapes-interior-trends-2022-nordroom.jpeg
112,https://media.designcafe.com/wp-content/uploads/2022/04/12185551/natural-interior-design-for-your-home.jpg
113,https://mblogthumb-phinf.pstatic.net/data18/2007/7/12/46/david_parmiter_photographer2_1-bonitacasa2.jpg?type=w210
114,https://cdn.decoist.com/wp-content/uploads/2013/04/Pebbles-and-small-stones-for-a-natural-interior-design-8.jpg
115,https://ggwinner.img47.makeshop.info/web/ogan/interior/spring-03-00.jpg
116,https://www.mymove.com/wp-content/uploads/2013/10/GettyImages-1143353470.jpg
117,https://www.lushome.com/wp-content/uploads/2012/11/modern-interior-decorating-ideas-natural-materials-eco-homes-4.jpg
118,https://roohome.com/wp-content/uploads/2016/08/simple-interior-design-1280x720.jpg
119,https://pellabranch-prod.gumlet.io/webres/Image/return-of-wood-header.jpg?w=400&dpr=2.6
120,http://www.cinecafe.kr/files/attach/images/106384/575/305/64f15462fb39ffd3bdca67e7752d694b.jpg
121,https://www.dailydreamdecor.com/wp-content/uploads/2022/03/brown-interior-design.jpg
122,https://cdn.hommes.studio/wp-content/uploads/tr_eccb6e7e-3b68-4349-8b2a-8c5aaf76469e_742836_33_elsie_userview_6.jpg?strip=all&lossy=1&quality=92&webp=92&avif=60&w=1440&ssl=1
123,http://www.contemporist.com/wp-content/uploads/2017/01/modern-living-room-layout-230117-1136-13-800x1200.jpg
124,"https://media.architecturaldigest.com/photos/5756f7cae84281483697493f/master/w_3200,h_2492,c_limit/Bedroom_010.jpg"
125,https://www.kassavello.com/blog/wp-content/uploads/2018/07/healing-power-nature-inside-home.jpg
126,https://image.aladin.co.kr/product/11301/41/cover500/4865051163_2.jpg
127,https://www.thenordroom.com/wp-content/uploads/2021/12/organic-rug-bemz-cover-natural-living-room-home-deco-trends-2022-nordroom.jpg
128,http://gdimg.gmarket.co.kr/2171691772/still/600?ver=1626838233
129,https://www.re-thinkingthefuture.com/wp-content/uploads/2020/10/A1793-10-trending-themes-in-interior-design-in-2020-Nature-Luxury-Image-1.png
130,https://images.adsttc.com/media/images/5e66/9c93/b357/658e/fb00/0055/large_jpg/Hirouyki_Oki.jpg?1583783052
131,https://images.squarespace-cdn.com/content/v1/5695812be0327cb166fdcf45/1595452342122-6WJDXXCWQ4IN6XF4RW04/Japandi+style
132,https://www.decorilla.com/online-decorating/wp-content/uploads/2017/09/how-to-incorporate-nature-into-your-home-indoor-plants-in-living-room-1024x681.jpg
133,https://www.digsdigs.com/photos/beautiful-alamo-farmhouse-designed-for-outdoor-living-1-554x368.jpg
134,https://cdn.trendir.com/wp-content/uploads/old/house-design/natural-home-architectural-interior-design-13.jpg
135,https://i.pinimg.com/564x/20/af/49/20af4963082898d25f731a0632adca52.jpg
136,https://www.arch2o.com/wp-content/uploads/2021/07/Arch2O-how-to-use-natural-stone-in-interior-design-to-desire-6.jpg
137,https://posterstore.kr/images/zoom/martina_and_other_stories.jpg
138,https://www.mixtemagazine.ca/wp-content/uploads/2019/07/PIERREMARTIN_05SEPT2018_035.jpg
139,http://imagescdn.gettyimagesbank.com/500/18/206/164/0/1045424326.jpg
140,https://image.yes24.com/momo/TopCate36/MidCate04/3532677.jpg
141,"https://sp-ao.shortpixel.ai/client/to_webp,q_lossy,ret_img,w_710/https://www.lovehappensmag.com/blog/wp-content/uploads/2020/08/NA-Architects-KOKET-Reve-Mirrors-683x1024.jpg"
142,https://image.shutterstock.com/shutterstock/photos/1877072443/display_1500/stock-photo-zen-interior-with-potted-bamboo-plant-natural-interior-design-concept-bathroom-in-beige-tones-1877072443.jpg
143,https://www.tollbrothers.com/blog/wp-content/uploads/2022/01/natural-design-8-1.jpg
144,https://en.pimg.jp/049/920/928/1/49920928.jpg
145,https://bobbyberk.com/wp-content/uploads/2019/08/Bobby-Berk_Interior-Design-Styles_.jpg
146,https://i.imgur.com/trIjNgD.jpg
147,https://media.istockphoto.com/photos/zen-interior-with-potted-bamboo-plant-natural-interior-design-concept-picture-id982364702
148,https://ratemyhome.net/wp-content/uploads/2021/06/decoracion-natural-espacio-iluminado.jpg
149,https://i1.daumcdn.net/thumb/C230x300/?fname=https://t1.daumcdn.net/cfile/tistory/99F829335EA8EB5B17
150,https://whatisdesiignersaying.com/wp-content/uploads/2019/04/Natural-Interior-Designs.jpg
151,https://www.unsustainablemagazine.com/wp-content/uploads/2020/01/f5881788c9948c114c7db7d70b2d0279-scaled.jpg
152,https://cdn.idntimes.com/content-images/community/2022/06/pexels-charlotte-may-5825380-1-3d4990e171010e64d0d12ec384b68688-2e56eaeb7a9d205c5ca48b74d54f3931_600x400.jpg
153,https://www.arch2o.com/wp-content/uploads/2021/07/Arch2O-how-to-use-natural-stone-in-interior-design-to-desire-12.jpg
154,https://ecs7.tokopedia.net/blog-tokopedia-com/uploads/2018/03/natural-interior-4.jpg
155,http://cdn.home-designing.com/wp-content/uploads/2015/11/nature-inspired-scandinavian-decorations.jpg
156,https://www.decorilla.com/online-decorating/wp-content/uploads/2022/01/Biophilic-interior-design-for-a-living-ArchiTonic.jpg
157,"https://previews.123rf.com/images/tonporkasa/tonporkasa2007/tonporkasa200700001/150960990-collection-natural-interior-with-wood-wall,color-wood-samples.-%C3%B0%C2%A1atalog-of-wood-materials-for-design-on-a-light-background.-collection-of-surface-boards.-wood-color-and-texture-samples..jpg"
158,https://www.mixtemagazine.ca/wp-content/uploads/2019/07/PIERREMARTIN_05SEPT2018_027.jpg
159,https://media.tarkett-image.com/large/IN_RR_Iconik_T-Extra_Nero_Marquine_Anthracite_5827235_5828235_5829235_001.jpg
160,https://ggwinner.img47.makeshop.info/web/upload/NNEditor/20180914/EC849CEB8F99ECA784ECBBA4ED94BCEB9EA9-7.JPG
161,https://i.pinimg.com/564x/d1/05/c9/d105c9b843d19ba02b0e7b9771512a0e.jpg
162,https://www.mymove.com/wp-content/uploads/2013/10/GettyImages-1156010986-600x400.jpg
163,https://cdn.idntimes.com/content-images/community/2022/06/pexels-monstera-6373655-min-3d4990e171010e64d0d12ec384b68688-99fb86881e127019eb3907f3cffadaf0.jpg
164,https://www.lovehappensmag.com/blog/wp-content/uploads/2021/04/nature-inspired-furniture-koket-organic-interior-design.jpg
165,https://en.pimg.jp/040/913/921/1/40913921.jpg
166,https://images.squarespace-cdn.com/content/v1/5695812be0327cb166fdcf45/1595452679831-2WQ6R91FSOC88VEIERAC/House+Plants
167,https://www.naturalinteriors.com/wp-content/uploads/slide-3.jpg
168,https://images.adsttc.com/media/images/62ea/80f2/f58b/1601/6632/9941/newsletter/designing-illuminated-natural-and-minimal-interiors_1.jpg?1659535607
169,http://imagescdn.gettyimagesbank.com/500/18/206/105/0/982368118.jpg
170,https://www.futuristarchitecture.com/wp-content/uploads/2019/02/JUNGLE-Cafe-6.jpg
171,http://gdimg1.gmarket.co.kr/goods_image2/exlarge_moreimg/196/189/1961896926/1961896926_00.jpg?ver=1606788873
172,https://static.designboom.com/wp-content/uploads/2022/04/badie-il-mulino-designboom-500.jpg
173,https://www.gogetyourself.com/wp-content/uploads/2021/07/Interior-Design-Trends-1.jpg
174,https://cdn.mos.cms.futurecdn.net/wLKjexG77N8mACoTzP33x6.jpg
175,https://www.tollbrothers.com/blog/wp-content/uploads/2022/01/natural-design-header.jpg
176,http://ajmeramarble.com/uploads/news/file/1402355058.jpg
177,https://as1.ftcdn.net/v2/jpg/02/64/30/26/1000_F_264302683_iGYjvuaES6JHWVwsCeqULJ605qt3B4jk.jpg
178,https://cdn.imweb.me/thumbnail/20201214/10c8ee1b782c2.png
179,https://www.arch2o.com/wp-content/uploads/2021/07/Arch2O-how-to-use-natural-stone-in-interior-design-to-desire-3.jpg
180,https://www.unsustainablemagazine.com/wp-content/uploads/2020/01/image-10.png
181,https://image.shutterstock.com/image-illustration/zen-interior-potted-bamboo-plant-260nw-1504250438.jpg
182,https://www.thespruce.com/thmb/V_1f4GvvucaAN3hXdfDawjLenPg=/4002x2251/smart/filters:no_upscale()/japandi-design-4782478-hero-af2571137d51438080c3df66089a6b44.jpg
183,https://www.extraspace.com/blog/wp-content/uploads/2018/10/let-in-natural-light-minimalist-design.jpg
184,https://homeklondike.site/wp-content/uploads/2017/04/18-natural-solid-aged-wood-kitchen-cabinets-set-interior-design-smeg-retro-style-refrigerator-dining-table-with-drawers-bench-brick-wall-tiles-loft-style-lamps-bulbs-exposed-wires-beams.jpg
185,https://mblogthumb-phinf.pstatic.net/MjAyMDA3MDdfMzMg/MDAxNTk0MTA5MDMyNzUx.L2nuBj4h6RElnDRYBAwBwu8pGPvuacdXluxM7YOe1qsg.g8cqH2mbfnqEuQJWRwi9Ieng-D_wf0TY1--43Xq9UG0g.JPEG.ppoppaie2020/curved-furniture-2020-interior-design-trend.jpg?type=w800
186,https://t1.daumcdn.net/tistoryfile/fs12/1_1_25_25_blog275964_attach_0_5.jpg?original
187,"https://m.media-amazon.com/images/S/aplus-media/vc/6ed4c27c-c0ed-4ee0-9feb-644ee6abcd5a.__CR0,0,300,300_PT0_SX300_V1___.jpg"
188,http://cdn.home-designing.com/wp-content/uploads/2015/11/interior-design-with-natural-materials.jpg
189,https://ecs7.tokopedia.net/blog-tokopedia-com/uploads/2018/03/natural-interior-2.jpg
190,"https://cdn.apartmenttherapy.info/image/upload/f_auto,q_auto:eco,w_845/at%2Fhouse%20tours%2F2021-07%2FSharon%20L%2FSR"
191,https://static.dezeen.com/uploads/2021/11/noma-big-architecture-interiors-restaurant-copenhagen-denmark_dezeen_2364_hero50.jpg
192,https://i.insider.com/61afbc7a6531110019cefbc5?width=1000&format=jpeg&auto=webp
193,https://t1.daumcdn.net/cfile/blog/234CA64C5503DB470D
194,https://foyr.com/learn/wp-content/uploads/2022/03/nature-inspired-interiors-biophilic-design.jpg
195,https://cdn-bnokp.nitrocdn.com/QNoeDwCprhACHQcnEmHgXDhDpbEOlRHH/assets/static/optimized/rev-a2e9e3b/online-decorating/wp-content/uploads/2021/05/Contemporary-rustic-interior-for-a-cabin-in-the-woods.jpeg
196,https://partner.gira.de/abbildungen/g-pulse-natural-stone-coffee-table-casalgrande-pandana_27007_1659091934.jpg
197,https://blog.kakaocdn.net/dn/bhUzJg/btrwaoDfpNw/xv1vRlSdbDAzYtJNrQlqNK/img.jpg
198,https://file.moongori.com/_data/editor/201612/20/13807c5c185a2ac1d96d0a21337c39ed07.JPG
199,https://foyr.com/learn/wp-content/uploads/2022/03/nature-inspired-interiors-biophilic-design.jpg
200,https://partner.gira.de/abbildungen/g-pulse-natural-stone-coffee-table-casalgrande-pandana_27007_1659091934.jpg
201,https://file.moongori.com/_data/editor/201612/20/13807c5c185a2ac1d96d0a21337c39ed07.JPG
202,https://www.mymove.com/wp-content/uploads/2013/10/GettyImages-503849233-600x396.jpg
203,https://decoroutdoor.com/blog/wp-content/uploads/2021/06/european.jpg
204,http://retaildesignblog.net/wp-content/uploads/2017/05/Saje-Natural-Wellness-by-Jennifer-Dunn-Design-Ontario-Canada01.jpg
205,https://www.futuristarchitecture.com/wp-content/uploads/2019/02/JUNGLE-Cafe-1.jpg
206,https://www.superudisplay.com/wp-content/uploads/2020/09/natural-health-store-interior-design-1.jpg
207,https://cdn.hommes.studio/wp-content/uploads/geral-2-scaled-1.jpg?strip=all&lossy=1&quality=92&webp=92&avif=60&w=1440&ssl=1
208,https://cdn.shopify.com/s/files/1/2135/0257/products/zodiac-15m-round-dining-table-natural-dining-table-swady-core-818754_342x@3x.progressive.jpg?v=1569708240
209,https://www.hellolovelystudio.com/wp-content/uploads/2021/10/SarahSolis_Bedroom-4-1440x960.jpg
210,https://i.ytimg.com/vi/vHtaEGR6ZPU/maxresdefault.jpg
211,https://pellabranch-prod.gumlet.io/webres/Image/return-of-wood-ex3.jpg?w=400&dpr=2.6
212,https://assets.architecturaldigest.in/photos/60084dd6cce5700439e12bf9/master/w_1600%2Cc_limit/modern-living-room-decor-natural-light.jpg
213,https://www.mydomaine.com/thmb/QO2gYEzcITtQ6lGAZmRFE5dwfvE=/1000x667/filters:no_upscale():max_bytes(150000):strip_icc()/japandi-interior-design-ideas-3-bespoke-only-brooklynheights-2-932f7ec61fcf412da09c3bbd473f68eb.jpeg
214,https://img.freepik.com/premium-photo/boho-scandinavian-style-in-farmhouse-interior-bedroom-with-natural-furniture-3d-render-illustration_370638-286.jpg?w=2000
215,https://www.tollbrothers.com/blog/wp-content/uploads/2022/01/natural-design-7.jpg
216,https://images.adsttc.com/media/images/60cc/062f/5373/1401/64c5/0646/newsletter/residencia-gaf-jacobsen-arquitetura.jpg?1623983668
217,https://www.themodernhouse.com/wp-content/uploads/Flat-2-61-Queens-Drive-main-image-amended-1-1600x1067.jpg
218,https://www.extraspace.com/blog/wp-content/uploads/2021/02/what-is-japandi-home-style-add-potted-plants.jpg.webp
219,https://www.naturalinteriors.com/wp-content/uploads/homebox-1.jpg
220,https://en.pimg.jp/049/923/582/1/49923582.jpg
221,https://www.realsimple.com/thmb/h2LXvOA42Gp1lY0mVs2Ac7Lduls=/1679x1679/smart/filters:no_upscale():focal(838x891:840x893)/good-neutral-paint-colors-living-room-38a3f15701a04abda7b758424ec7d7c6.jpg
222,https://media-cdn.tripadvisor.com/media/photo-s/03/95/40/5b/mama-hanok-guesthouse.jpg
223,https://adorable-home.com/wp-content/uploads/2016/03/Natural-Restaurant-Interior-Design-12.jpg
224,https://media.designcafe.com/wp-content/uploads/2022/06/30174921/nature-inspired-interior-design-ideas-with-jali.jpg
225,https://images.squarespace-cdn.com/content/v1/5dd86eda07db674ed859c949/1617155733363-8A0GM7KLIWY8URR8QQGH/how-make-mood-board-for-room.jpg
226,https://cdn.decoist.com/wp-content/uploads/2013/10/Natural-lighting-sets-the-mood-in-the-living-room.jpg
227,https://chinese.fansshare.com/image/futuristic/natural-design-of-the-interior-bathroom-of-the-luxury-natural-house-design-that-seems-so-nice-that-decorated-by-futuristic-home-floor-plans-by-using-natural-materials-decorated-the-interior-design-futuristic-1678857246.jpg
228,https://images.squarespace-cdn.com/content/v1/5a55a434a803bbf984c4a4aa/1521565630222-QCBTLALUUPIH6K8V2P18/BBI-Nature-Blog-3-1024x536.png?format=1000w
229,https://img.youtube.com/vi/JrmmVZDYmew/hqdefault.jpg
230,https://cdn.shopify.com/s/files/1/0285/1405/8328/products/the-wood-veneer-hub-acoustic-wood-wall-panel-natural-oak-acoustic-slat-wood-wall-panels-28256753188952_700x700.jpg?v=1656315031
231,http://danmee.chosun.com/site/data/img_dir/2010/08/17/2010081701208_1.jpg
232,https://www.architectureartdesigns.com/wp-content/uploads/2014/11/1349.jpg
233,https://www.digsdigs.com/photos/stunning-swedish-apartment-in-natural-materials-and-shades-1-554x554.jpg
234,https://i0.wp.com/www.kadvacorp.com/wp-content/uploads/2014/10/Organic-Architecture-Characteristics-Design-by-Bozhinovski-Studio-in-this-Dental-Clinic-07.jpg?resize=800%2C601&ssl=1
235,"https://sp-ao.shortpixel.ai/client/to_webp,q_lossy,ret_img,w_785,h_1024/https://www.lovehappensmag.com/blog/wp-content/uploads/2021/04/manila-chair-avalanche-dining-table-koket-projects-785x1024.jpg"
236,"https://images.homify.com/c_fill,f_auto,h_700,q_auto/v1443757379/p/photo/image/964477/%EB%9E%98%EB%AF%B8%EC%95%88%EA%B7%B8%EB%A0%88%EC%9D%B4%ED%8A%BC_livingroom_after-1.jpg"
237,https://www.superudisplay.com/wp-content/uploads/2020/09/natural-health-store-interior-design-4.jpg
238,https://architecturebeast.com/wp-content/uploads/2017/05/Elegant-Interior-Design-Achieved-With-Nature-Colors-featured-on-Architecture-Beast-06.jpg
239,https://foyr.com/learn/wp-content/uploads/2022/03/incorporate-natural-materials-for-biophilic-interior-design-862x1024.jpg
240,https://i.ytimg.com/vi/Vr4ey9QOI9I/maxresdefault.jpg
241,https://file.moongori.com/_data/editor/201704/25/1fce156c4c1c39a4d47f72d94b32d76f7.JPG
242,https://i.pinimg.com/736x/92/64/78/926478002075c4e93224b7219a5e5d3f.jpg
243,https://www.drawingathome.co.kr/web/product/small/202207/8d03afc073f5c3584dd45f39c3f9efb4.jpg
244,https://media.istockphoto.com/photos/zen-interior-with-potted-bamboo-plant-natural-interior-design-concept-picture-id982368196?k=20&m=982368196&s=170667a&w=0&h=cWusQu2_XqhAKURqt4sF9FxpJ8F51oWTrIe6YI-7SIs=
245,https://st.depositphotos.com/3856085/59367/i/1600/depositphotos_593670670-stock-photo-mockup-frame-in-farmhouse-living.jpg
246,https://www.oliverheath.com/images/custom/a3/ff94483ab0ed4baaf003797bc952b0/w990/h1214/wpojpg/images/uploads/a3ff94483ab0ed4baaf003797bc952b0.webp
247,https://www.decorilla.com/online-decorating/wp-content/uploads/2021/05/rustic-interior-elements.jpg
248,https://dkgagu.co.kr/up/product/15176/ed_202102021612250830.jpg
249,https://as2.ftcdn.net/v2/jpg/02/94/48/17/1000_F_294481740_kiAjN7xAFQ9frYN6Pajz1aM6cw57Awrk.jpg
250,https://image.made-in-china.com/2f0j00gOFEzprAhaoB/Simple-Natural-Design-Classic-Vinyl-Wallpaper-for-Interior-Design.jpg
251,https://blog.kakaocdn.net/dn/S3Wz9/btrwhdNRzGn/q9rY7fcspHzMks8IFX0NSk/img.jpg
252,https://image.yes24.com/momo/TopCate3419/MidCate003/341829383.jpg
253,https://media-cdn.tripadvisor.com/media/photo-s/03/4c/f3/61/sheltered.jpg
254,https://www.architectureartdesigns.com/wp-content/uploads/2014/11/1541-630x419.jpg
255,https://i0.wp.com/catesthill.com/wp-content/uploads/2020/01/catesthill-botanical-green-bedroom-makeover-51.jpg?resize=900%2C1200
256,https://www.mydomaine.com/thmb/HQbqTqiEp4cVUQEZLNOKmVGHSGc=/700x1050/filters:no_upscale():max_bytes(150000):strip_icc()/cdn.cliqueinc.com__cache__posts__252735__scandinavian-interior-design-ideas-252735-1521559308525-image.700x0c-997de1b88cb441a19fc02d62e55329ef.jpg
257,https://image.shutterstock.com/shutterstock/photos/2108437349/display_1500/stock-photo-zen-interior-with-potted-bamboo-plant-natural-interior-design-concept-modern-panoramic-bedroom-2108437349.jpg
258,http://cdn.home-designing.com/wp-content/uploads/2015/11/gorgeous-nature-inspired-interior.jpg
259,https://images.thdstatic.com/productImages/1c2a4c68-027e-40db-ad9a-40bafa51457e/svn/natural-behr-interior-wood-stains-b352404-64_300.jpg
260,https://mindfuldesignconsulting.com/wp-content/uploads/2019/04/Wall-Moss-in-Office-Interior-Design-720x321.jpg
261,https://ae01.alicdn.com/kf/HTB1CURNKFXXXXc2XFXXq6xXFXXXA/natural-fiber-interior-wall-coating-for-home-decor.jpg_Q90.jpg_.webp
262,https://chinese.fansshare.com/image/luxuryvillas/nice-natural-design-of-the-luxury-house-interior-modern-that-has-minimalist-pool-can-add-the-beauty-inside-the-modern-house-design-ideas-with-natural-feels-natural-interior-design-house-tour-luxury-homes-in-england-1992613670.jpg
263,https://cdn.trendir.com/wp-content/uploads/old/house-design/natural-home-architectural-interior-design-1.jpg
264,https://imagescdn.gettyimagesbank.com/500/18/206/305/0/982368328.jpg
265,https://designwanted.com/wp-content/uploads/2022/02/biophilic-interior-23.jpg
266,"https://images.homify.com/c_fill,f_auto,h_700,q_auto/v1443757406/p/photo/image/964479/%EB%9E%98%EB%AF%B8%EC%95%88%EA%B7%B8%EB%A0%88%EC%9D%B4%ED%8A%BC_livingroom_after-2.jpg"
267,http://ssgagumall.jpg2.kr/%C7%CF%C0%CC%C6%DB%BD%BA%C0%CE/HFT-310%20%BF%F8%C7%FC%C5%D7%C0%CC%BA%ED%20%BB%F3%BC%BC.jpg
268,https://www.hellolovelystudio.com/wp-content/uploads/2021/10/EmmaGrede_Bedroom-126-1440x2160.jpg
269,https://lookaside.fbsbx.com/lookaside/crawler/media/?media_id=218782741626218
270,https://cdn.imweb.me/thumbnail/20210112/1d18984bb0199.jpg
271,https://adorable-home.com/wp-content/uploads/2016/03/Natural-Restaurant-Interior-Design-9.jpg
272,https://thediy.co.kr/data/editor/goods/1/2014/09/68092_daedf6837de0f2029dd2c44d8e7acf0e2316563.jpg
273,https://mir-s3-cdn-cf.behance.net/project_modules/max_1200/03a69290138855.5e0ef6436e2d8.jpg
274,https://image.goodchoice.kr/resize_490x348/affiliate/2022/05/23/14/5757d1dd-cf27-574d-8873-4fa2463de402-original.jpg
275,https://s3-eu-west-1.amazonaws.com/images.linnlive.com/0d5180a37a8de3cf76052639384dd66f/5ff50e52-58f4-485a-af01-f60c7f71d0b2.jpg
276,https://3dwarehouse.sketchup.com/warehouse/v1.0/content/public/bb7479ed-c649-4894-ad6a-037185975a30
277,https://member.hanwharesort.co.kr/lp/assets/images/leciel/img_brand_03.jpg
278,https://cdn.idntimes.com/content-images/community/2022/06/pexels-jason-boyd-3209045-1-compress1-3d4990e171010e64d0d12ec384b68688-e64d0edae39a79ee582ae1a19da3fad9.jpg
279,https://img.freepik.com/free-photo/wooden-natural-interior-wood-grain-orange_1421-489.jpg?w=2000
280,https://cdn.imweb.me/upload/S201901065c319c8ba89b8/1acf3c9c3838e.png
281,https://images.adsttc.com/media/images/6228/f983/bea5/d001/663a/c9fb/newsletter/email-anhang-2017-lamilux-brk-kita-hof-2.jpg?1646852500
282,https://korean.slateculturestone.com/photo/pl34219373-15mm_yellow_interior_exterior_natural_ledgestone_panels.jpg
283,https://i0.wp.com/digital-photography-school.com/wp-content/uploads/2019/04/sallie-moffatt-coledale2-8-lg.jpg?fit=1500%2C750&ssl=1
284,https://images.thdstatic.com/productImages/81edcb0e-241d-48a9-90e6-75fa35a012ab/svn/natural-varathane-interior-wood-stains-271134-64_300.jpg
285,https://ip.kolonmall.com//http://e-ars.co.kr/web/ex/Flensted/950counterpointnaturaLinterior.jpg
286,http://danmee.chosun.com/site/data/img_dir/2010/08/17/2010081701208_0.jpg
287,https://www.mymove.com/wp-content/uploads/2013/10/GettyImages-1185100386-1-600x400.jpg
288,http://www.seonu.co.kr/img_up/shop_pds/designmi/2020/jyr063901592932822.jpg
289,https://www.unsustainablemagazine.com/wp-content/uploads/2020/01/kitchen-2046728_640.jpg
290,http://furni00.cafe24.com/bedis/2020_frame/sb177_ratanian_02.jpg
291,https://i0.wp.com/www.kadvacorp.com/wp-content/uploads/2014/10/Organic-Architecture-Characteristics-Design-by-Bozhinovski-Studio-in-this-Dental-Clinic-06.jpg?resize=800%2C601&ssl=1
292,https://image.made-in-china.com/226f3j00hUZigIVJfobS/Gray-Bamboo-Floor-Tiles-Texture-Natural-Interior-Home-Solid-Timber-Floating-Flooring.jpg
293,https://cdn.hommes.studio/wp-content/uploads/Get-To-Know-Interior-Design-Trends-2022_19.jpg?strip=all&lossy=1&quality=92&webp=92&avif=60&w=1029&ssl=1
294,https://elitefitout.com.au/wp-content/uploads/2022/03/Mowbray02-2-1-1024x683.jpg
295,https://manofmany.com/wp-content/uploads/2018/07/natural-interior-design-of-the-modern-custom-log-homes-that-has-wooden-floor-can-be-decor-with-warm-lighting-can-add-the-beauty-inside-with-wooden-floor-inside_1.jpg
296,http://m.good-tree.co.kr/file_data/goodtree2/782dbe5a9f6f1ff138b2bfc921f9868d.jpg
297,https://m.media-amazon.com/images/I/51Hfs2BEDFL._AC_SY780_.jpg
298,https://www.contemporist.com/wp-content/uploads/2018/11/modern-interior-design-living-room-201118-1257-03-800x534.jpg
299,https://cdn.hommes.studio/wp-content/uploads/Get-To-Know-Interior-Design-Trends-2022_19.jpg?strip=all&lossy=1&quality=92&webp=92&avif=60&w=1029&ssl=1
300,https://expertphotography.b-cdn.net/wp-content/uploads/2020/05/Interior-photography-pink-couch-natural-light-1.jpg
301,https://imagescdn.gettyimagesbank.com/500/18/206/305/0/982368328.jpg
302,https://images.adsttc.com/media/images/6228/f983/bea5/d001/663a/c9fb/newsletter/email-anhang-2017-lamilux-brk-kita-hof-2.jpg?1646852500
303,https://www.thenordroom.com/wp-content/uploads/2021/12/green-color-natural-materials-bedroom-interior-design-trends-2022-nordroom.jpg
304,https://dkgagu.co.kr/up/product/10622/ed_201910241571909970.jpg
305,https://www.chalkandmoss.com/wp-content/uploads/2018/05/Bedroom_Aloe2.jpg
306,https://www.unsustainablemagazine.com/wp-content/uploads/2020/01/kitchen-2046728_640.jpg
307,https://www.new-mags.com/wp-content/uploads/2019/10/RP1015-300x370.jpg
308,https://image.guud.com/mall/editor/images/2021/07/27/edt_20210727153801072001/1677D876AEE54DF6871F33536CA45CCD.jpg
309,https://lp2.hm.com/hmgoepprod?set=quality%5B79%5D%2Csource%5B%2Ff8%2Fdc%2Ff8dc7c746cba0c16d1ba20a838adc88d9080b0fe.jpg%5D%2Corigin%5Bdam%5D%2Ccategory%5Bhome_decorations_decoraccessories%5D%2Ctype%5BDESCRIPTIVESTILLLIFE%5D%2Cres%5Bm%5D%2Chmver%5B1%5D&call=url[file:/product/main]
310,https://www.mymove.com/wp-content/uploads/2013/10/GettyImages-1185100386-1-600x400.jpg
311,https://5.imimg.com/data5/YX/SB/RT/SELLER-1254939/teak-wood-carving-door-500x500.jpeg
312,https://static.interiors.fr/media/thumbnails/2203aa_1__012150700_1600_06072016.jpg
313,https://static.dezeen.com/uploads/2022/01/low-energy-house-interiors-architecture-for-london-uk_dezeen_sq1-300x300.jpg
314,https://pellabranch-prod.gumlet.io/webres/Image/return-of-wood-ex1.jpg?w=400&dpr=2.6
315,https://online.ebonia.co.kr/detail/dining/brahms/06_1_interior.jpg
316,https://korean.slateculturestone.com/photo/pl34228818-interior_and_exterior_marble_natural_slate_roof_tiles_150x600mm.jpg
317,https://i.insider.com/61afd17306b6770018c47edc?width=700
318,https://thumbs.dreamstime.com/z/mock-up-frame-home-interior-background-white-room-natural-wooden-furniture-scandi-boho-style-d-render-mock-up-frame-196908714.jpg
319,https://partner.gira.de/abbildungen/g-pulse-natural-stone-wall-bathroom-istock_27003_1659091506.jpg
320,https://a3w3j4i7.stackpathcdn.com/wp-content/uploads/2016/01/33-Square-Meters-Compact-House-with-Innovative-Vertical-Architecture-and-Natural-Decor-6.jpg
321,https://www.megalux.kr/shopimages/megalux17/0080020000973.jpg
322,http://oheimev.diskn.com/lady/log/scandic_2022/db/10_interior.jpg
323,https://img.29cm.co.kr/next-product/2022/06/10/af0161c9142e4a0c92a0ae53fa7d69f9_20220610175311.jpg?width=1000
324,https://foyr.com/learn/wp-content/uploads/2022/03/add-more-natural-lights-for-biophilic-interior-design-706x1024.png
325,https://ggwinner.img47.makeshop.info/web/ogan/interior/spring-02-01.jpg
326,https://www.ariafurniture.co.kr/data/file/blog/thumb-3717856204_UEbQvCJp_KakaoTalk_20170830_091533610_600x546.jpg
327,https://www.futuristarchitecture.com/wp-content/uploads/2019/02/JUNGLE-Cafe-2.jpg
328,https://admincontent.bimobject.com/public/productimages/a0cf9a95-8fc2-4c43-a5ff-b32d56095d4b/2c907816-df84-4119-9f23-2aac3199c8d4/8466?width=675&height=675
329,https://file.moongori.com/_data/editor/201611/22/145eb5b666eed2df320dca2913cf9f747a.JPG
330,https://www.mixtemagazine.ca/wp-content/uploads/2019/07/PIERREMARTIN_05SEPT2018_004.jpg
331,https://www.lafent.com/news/data/news/img1/104991.jpg
332,https://mblogthumb-phinf.pstatic.net/MjAxOTA4MDVfOTkg/MDAxNTY0OTkwNDM0MDUy.K89JCNajMSMvbtXqFz43m8Tsml9S7WaB_5je9syIClMg.FzaPHOlMoCgGBY2bQwF_hTTfYZN4BOHHoAdDt_-LDQUg.JPEG.o8o8o8486/IMG_3240.JPG?type=w800
333,https://st3.depositphotos.com/2249091/13323/i/600/depositphotos_133237402-stock-photo-interior-with-dining-table.jpg
334,https://thediy.co.kr/data/editor/goods/1/2014/09/68092_8816f405a3abc5769a1dd1ed677449522318133.jpg
335,https://media.architecturaldigest.com/photos/5756f7c4e84281483697493a/master/w_320%2Cc_limit/Bedroom_003.jpg
336,http://www.echogreentown.com/img/room04/2.jpg
337,https://cf.bstatic.com/xdata/images/hotel/max1280x900/379319868.jpg?k=3cfdba6b36d77ac2c66c1abf6c899fe19f7f1fbbf342b8cc366aeea82ead4771&o=&hp=1
338,https://trdst.hgodo.com/ex_image/rochebobois/rochebobois_still_211123_2511.jpg
339,http://img.ezmember.co.kr/cache/board/2013/08/25/14ebe580d330834b26bdd0d44c9f0428.jpg
340,https://ae01.alicdn.com/kf/Hba3116a645bb468dbf6a880ac363d587e.jpg
341,https://t4.ftcdn.net/jpg/04/95/20/27/240_F_495202749_EtffQHgiIfObreqKZ3nL3EcMSIHOg66d.jpg
342,https://sortiedesign.imghost.cafe24.com/c/st_plant_rattan_sidetable_400_04.jpg
343,https://www.brabbu.com/en/inspiration-and-ideas/wp-content/uploads/2015/06/Moodboard-Nature-indoor-plants-.jpg
344,https://www.superudisplay.com/wp-content/uploads/2020/09/natural-health-store-interior-design-2.jpg
345,https://t1.daumcdn.net/cfile/tistory/154E4C475048AF0D29
346,https://cdn.decoist.com/wp-content/uploads/2013/04/Pebbles-and-small-stones-for-a-natural-interior-design-4.jpg
347,https://cdn.24.co.za/files/Cms/General/d/11678/41721dd2be3942e1a2e05558a50c768d.jpg
348,https://www.havea.co.kr/cosmos/d_10000920/1000091902/imgDesc/desc_6310a4eb71e32.jpg
349,https://cdn.trendir.com/wp-content/uploads/old/house-design/natural-home-architectural-interior-design-12.jpg
350,https://www.ikea.com/gb/en/images/products/bild-poster-natural-green-on-the-mind__1097692_pe865080_s5.jpg
351,https://www.bodieandfou.com/wp-content/uploads/2017/10/A-Scandinavian-home-BODIE-and-FOU.jpg
352,https://mobileimages.lowes.com/productimages/4fa2922f-0091-454c-ae07-0525cb72be83/48536770.jpg?size=xl
353,https://as2.ftcdn.net/v2/jpg/02/77/22/99/1000_F_277229963_1gIbwi55JXMXxWhLPmXLlHBBPpQhUtvM.jpg
354,https://media.istockphoto.com/photos/zen-interior-with-potted-bamboo-plant-natural-interior-design-concept-picture-id982364962
355,https://cdn.mos.cms.futurecdn.net/3iCtUhwEnNEWxxg4YX8fyA.jpg
356,https://i0.wp.com/catesthill.com/wp-content/uploads/2020/01/catesthill-botanical-green-bedroom-makeover-55.jpg?resize=900%2C1200
357,https://ecs7.tokopedia.net/blog-tokopedia-com/uploads/2018/03/natural-interior-7.jpg
358,https://d31dpzy4bseog7.cloudfront.net/media/2021/11/03084813/Bunker-in-the-Treetops-by-Esoteriko-Interior-Double-Bay-NSW-Australia-image-07-768x512.jpg
359,https://media.bunjang.co.kr/images/crop/647890436_w%7Bres%7D.jpg
360,https://www.stirworld.com/images/see/3788_VA_10.jpg?0
361,https://www.pinkvilla.com/english/images/2022/09/1742887967_pexels-quang-nguyen-vinh-2134224_640*360.jpg
362,https://shop1.daumcdn.net/thumb/R500x500/?fname=http%3A%2F%2Fshop1.daumcdn.net%2Fshophow%2Fp%2FF18789456604.jpg%3Fut%3D20220824045946
363,https://stickershop.line-scdn.net/stickershop/v1/product/8427233/LINEStorePC/main.png;compress=true
364,"https://hips.hearstapps.com/hmg-prod.s3.amazonaws.com/images/rustic-blue-kitchen-1590271615.jpg?crop=0.957xw:0.957xh;0.0138xw,0.0193xh&resize=480:*"
365,https://media.designcafe.com/wp-content/uploads/2022/06/30174709/nature-inspired-interior-design-ideas-with-jali-1.jpg
366,http://image.kyobobook.co.kr/images/book/xlarge/155/x9788959756155.jpg
367,http://belleislenaturecenter.detroitzoo.org/wp-content/uploads/sites/4/2022/09/BINC_Image1_BEFORE.png
368,https://i.pinimg.com/564x/d9/35/94/d93594ba746ad42bca864b81d34a2fc1.jpg
369,x-raw-image:///c77fb2d074d24dda72cfa9a7d742aadb0d272e13797f3edda21a9a898dbab00d
370,https://www.decorilla.com/online-decorating/wp-content/uploads/2021/05/Classy-Rustic-home-interior-with-exposed-beams.jpeg
371,https://image.aladin.co.kr/product/18157/97/cover500/3943330265_2.jpg
372,https://media.istockphoto.com/photos/modern-natural-interior-design-with-burning-fireplace-picture-id1329704771?b=1&k=20&m=1329704771&s=170667a&w=0&h=gPJaC11akEzZkeJrvmMuKp1Uj-YdVfk_JenuJeTRKpw=
373,http://studiosamick.hgodo.com/samick/living/retro/allblanc_chloe/01_bench_chloe.jpg
374,"https://cdn.apartmenttherapy.info/image/upload/f_auto,q_auto:eco,w_845/at%2Fhouse%20tours%2F2021-07%2FSharon%20L%2FSR-6"
375,https://images.thdstatic.com/productImages/d97e09c7-ff23-486b-9226-a3409e6912e1/svn/natural-varathane-interior-wood-stains-339725-64_300.jpg
376,https://i.shelterness.com/industiral-interior-design-ideas-1-500x601.jpg
377,http://millimcg.com/wp-content/uploads/2020/01/service_vr_in006.jpg
378,https://image.shutterstock.com/z/stock-photo-zen-interior-with-potted-bamboo-plant-natural-interior-design-concept-scandinavian-bathroom-1115835299.jpg
379,https://store.img11.co.kr/25107283/8613d5cd-9de7-4065-97ec-2f78d5b69652_1615785533936.jpg
380,https://admincontent.bimobject.com/public/productimages/a0cf9a95-8fc2-4c43-a5ff-b32d56095d4b/2c907816-df84-4119-9f23-2aac3199c8d4/8351?width=675&height=675
381,https://www.ziatile.com/wp-content/uploads/2018/05/KLH-Instagram-Unglazed-Natural.jpg
382,https://lookaside.fbsbx.com/lookaside/crawler/media/?media_id=992377227761139
383,https://cdn.shopify.com/s/files/1/2941/6840/products/samurai-jeans-japanese-cotton-slub-tshirt-natural-interior_769x1024.jpg?v=1651853205
384,https://www.sigongtech.co.kr/common/image.do?imgPath=portfolio&imgName=80_addition4_2.jpg&imgGubun=F
385,https://adorable-home.com/wp-content/uploads/2016/03/Natural-Restaurant-Interior-Design-1.jpg
386,https://www.lushome.com/wp-content/uploads/2014/03/architectural-interiors-desert-house-design-kendrick-bangs-kellogg-2.jpg
387,"https://images.homify.com/c_fill,f_auto,h_700,q_auto/v1443757499/p/photo/image/964484/%EB%9E%98%EB%AF%B8%EC%95%88%EA%B7%B8%EB%A0%88%EC%9D%B4%ED%8A%BC_officeroom_after-1.jpg"
388,https://www.ikea.com/images/flisat-series-500819ea86f14b6ba283ca058b9a61f2.jpg?f=s
389,https://m.sobit.co.kr/web/product/big/202204/b99478e004e24c93d4def462531d819b.jpg
390,https://wadi0727.diskn.com/1mdCKNboCa
391,https://ak-d.tripcdn.com/images/1i63k2224s49ywicw49A1_R_400_10000_R5_Q100.jpg?proc=source/trip
392,https://cdn.shopify.com/s/files/1/0057/8227/4146/products/nkuku-dia-jute-lampshade-natural-31994417152176_195x195@2x.jpg?v=1659692752
393,https://designer-walls.co.uk/wp-content/uploads/2022/04/reclaimed-wood-wall-panels-natural-interior-wood-300x300.jpg
394,https://www.target.com.au/medias/static_content/product/images/full/85/27/A1908527.jpg?impolicy=product_portrait_card
395,https://i1.wp.com/magazine.contenta.co/wp-content/uploads/2016/05/Screen-Shot-2016-08-09-at-5.50.46-pm-e1470732717260.png
396,https://cdn.showcasegalleries.io/media/instagram/public-showcase-media.s3.us-west-1.amazonaws.com/17963351113854723.webp
397,https://mir-s3-cdn-cf.behance.net/project_modules/max_1200/1287c9134758085.61dc10f6c9dfc.jpg
398,https://img.freepik.com/premium-psd/natural-interior-podium-product-display_401134-925.jpg?w=2000
399,http://cdn.home-designing.com/wp-content/uploads/2015/11/minimalist-home-with-floor-to-ceiling-windows.jpg
400,https://m.shesday.kr/file_data/scent0104/54268c5c95de199c2ef70a7e29c80a31.jpg
401,https://www.fnnews.com/resource/media/image/2021/11/24/202111241026468676_l.jpg
402,https://images.2game.com/screenshot/bus-simulator-21-protect-nature-interior-pack-buy-cdkey-0.jpg
403,https://static.interiors.fr/media/thumbnails/2203aa_401__062703300_1111_07072020.jpg
404,https://www.tollbrothers.com/blog/wp-content/uploads/2022/01/natural-design-1.jpg
405,https://designwanted.com/wp-content/uploads/2022/02/biophilic-interior-21.jpg
406,https://content.api.news/v3/images/bin/69c073e942dcbbccf11cbf4115d31f28?width=1440
407,https://images.unsplash.com/photo-1502005229762-cf1b2da7c5d6?ixlib=rb-1.2.1&ixid=MnwxMjA3fDB8MHxzZWFyY2h8N3x8aW50ZXJpb3IlMjBkZXNpZ258ZW58MHx8MHx8&w=1000&q=80
408,https://s3-ap-northeast-2.amazonaws.com/files.doosil.cms/product/1649310247493XVOLL9BC7G8H2LB93B6DWDWG3.png
409,https://hrthumb.imagetoday.co.kr/2017/01/17/tit245t0034w8.jpg
410,https://image.yes24.com/momo/TopCate62/MidCate04/6136025.jpg
411,https://images.squarespace-cdn.com/content/v1/5f34549e9ec20e617684faea/1597711426623-APDGZKWSRB955MGJKVQV/IMG_2957.jpeg
412,https://m.itslighting.kr/web/upload/NNEditor/20211012/copy-1634004245-EC9E87ECB8A020EC9AB0EB939C201EB93B120ED8CACEB8D98ED8AB820ABCDE20EC8381EC84B8ED8E98EC9DB4ECA78020211008-EC8381.jpg
413,http://yerimdni.com/information/files/attach/images/321/858/4855601565fc8de448a1433be26cf72a.jpg
414,http://residencestyle.com/wp-content/uploads/2015/01/Unique-White-Natural-Colors-For-Master-Bedroom.jpg
415,https://previews.123rf.com/images/bialasiewicz/bialasiewicz1801/bialasiewicz180100438/93295891-pouf-%EC%8B%9D%EB%AC%BC%EA%B3%BC-%EA%B0%88%EC%83%89-%EB%9F%AC%EA%B7%B8-%EB%8B%A4%EA%B8%B0%EB%8A%A5-%EC%8B%9D%EB%8B%B9-%EC%9D%B8%ED%85%8C%EB%A6%AC%EC%96%B4%EC%97%90-%EB%82%98%EB%AC%B4%EC%9D%98-%EC%9E%90-%EB%B0%8F-%EB%85%B9%EC%83%89-%EC%95%88%EB%9D%BD%EC%9D%98-%EC%9E%90-%EB%9E%A8%ED%94%84.jpg
416,https://cdn.jdpower.com/JDP_2022%20Chevrolet%20Corvette%20Stingray%202LT%20Coupe%20Natural%20Interior%20Dashboard%20Front%20Seat.JPG
417,https://cdn.24.co.za/files/Cms/General/d/11678/3f1b398dd68d4e628338037a8e752a4f.jpg
418,https://inspirationdesignbooks.com/blog/wp-content/uploads/2021/01/SOFA-TOLIX_0032_Fox_Tropic_kopya_copy_2400x.jpg
419,https://i0.wp.com/www.kadvacorp.com/wp-content/uploads/2014/10/Organic-Architecture-Characteristics-Design-by-Bozhinovski-Studio-in-this-Dental-Clinic-05.jpg?resize=800%2C601&ssl=1
420,http://goodtree2.cafe24.com/web/upload/pd/momo2.jpg
421,https://www.homestratosphere.com/wp-content/uploads/2018/05/example-green-wall-interior-hs-may27.jpg
422,http://m.cereshome.co.kr/web/upload/NNEditor/20170114/mobile/a3c1926101dba514ba679b2be8cf0677_780_1484380911.jpg
423,"https://img1.wsimg.com/isteam/ip/941ecca3-29fd-4174-941d-29f81001b075/Home_decor_ideas.png/:/cr=t:0%25,l:0%25,w:100%25,h:100%25/rs=w:1250,cg:true"
424,https://images.adsttc.com/media/images/62ea/8093/f58b/1608/3a8e/5b68/newsletter/designing-illuminated-natural-and-minimal-interiors_1.jpg?1659535515
425,https://interiordesign.net/wp-content/uploads/2022/08/Interior-Design-Fall-Homes-2022-Issue-Cover-idx220802_cvsub_high-231x300.jpg
426,http://lowell0604.cafe24.com/10x10/natural.jpg
427,"https://hips.hearstapps.com/hmg-prod.s3.amazonaws.com/images/green-painted-kitchen-floor-1590280241.jpg?crop=0.934xw:1.00xh;0.0207xw,0&resize=480:*"
428,https://d1tm14lrsghf7q.cloudfront.net/public/media/94700/conversions/Rai-Pinto-Studio-Pediatric-Cancer-Center-Barcelona-Cover-thumb.jpg
429,https://sortiedesign.imghost.cafe24.com/c/st_plant_rattan_highdish_04.jpg
430,https://www.architectureartdesigns.com/wp-content/uploads/2014/11/1250-630x630.jpg
431,https://fastly.jwwb.nl/public/p/j/w/temp-lmlurfjngnjzalohbomu/hqe62l/ikke-1.jpg?enable=upscale&fit=bounds&width=1200
432,https://www.rug-images.com/images/homepage/main/10042022_NATURALFIBERRUGSSALE.png
433,https://www.mixtemagazine.ca/wp-content/uploads/2019/07/PIERREMARTIN_05SEPT2018_016.jpg
434,https://modernluxuryinteriors.com/get/files/image/galleries/bt_0IAGJUQ2OSKRTNDKM7X7URKQ9DUIR.jpg
435,https://static.dezeen.com/uploads/2021/03/porteous-studio-edinburgh-blacksmiths-workshop-residential-interiors_dezeen_2364_hero_18.jpg
436,https://img.travel.rakuten.co.jp/share/image_up/136213/LARGE/d0af3dfd5b89b8c5c00ee2433c9d5139a15a3be1.47.9.26.3.jpg
437,http://tscpdjftp.cafe24.com/product/ts/chair/munir/all_03.jpg
438,https://media-exp1.licdn.com/dms/image/C4E0BAQGVE5fQxBXnqQ/company-logo_200_200/0/1519869642078?e=2147483647&v=beta&t=TJAuoIdbUdzVZDCbly8r2DhSG-20lQMgoDdjWCfYso4
439,https://ggwinner.img47.makeshop.info/web/ogan/interior/lime-natural-03-title.jpg
440,https://thumbs.dreamstime.com/b/natural-interior-living-room-well-lighted-empty-wooden-furniture-lots-green-plants-urban-jungle-fully-furnished-252171185.jpg
441,https://clay-works.com/wp-content/uploads/2020/02/130-Clayworks-rammed-earth-natural-interior-clay-plaster-at-Gaucho-1600x650.jpg
442,https://image.wanted.co.kr/optimize?src=https%3A%2F%2Fstatic.wanted.co.kr%2Fimages%2Fcompany%2F29270%2Fs0gxgyobyhsbputt__1080_790.jpg&w=1000&q=75
443,https://www.ariafurniture.co.kr/data/editor/2003/thumb-49f71f6b01d43be3319d89a0228783c4_1583484077_52_600x957.jpg
444,"https://images.buildwithrise.com/image/upload/c_limit,f_auto,fl_lossy,q_auto,w_925/article_media/plasters_tvd73g"
445,https://gmauthority.com/blog/wp-content/uploads/2019/08/2020-Chevrolet-Corvette-Stingray-2LT-Natural-sueded-leather-interior-HTQ-1024x576.jpg
446,https://img.29cm.co.kr/next-product/2022/06/10/ef68f4c5c4a0445086a5eda9e786c064_20220610171032.jpg?width=1000
447,https://dkgagu.co.kr/up/product/10622/ed_201910241571909980.jpg
448,https://simage.kyobobook.co.kr/images/book/large/197/l9789058562197.jpg
449,https://i.ytimg.com/vi/Xf0Ils6UW20/maxresdefault.jpg
450,http://danmee.chosun.com/site/data/img_dir/2010/08/17/2010081701208_3.jpg
451,http://gi.esmplus.com/anya2990/NEWEBAY20/dipro/WS/WS-13.png
452,https://image.made-in-china.com/2f0j00NjpiyFHMyPoV/Gray-Bamboo-Floor-Tiles-Texture-Natural-Interior-Home-Solid-Timber-Floating-Flooring.jpg
453,https://onceit-aws.imgix.net/1664919140524_b677dc39-d75e-44ad-9af5-3c25539e27b7.png?auto=format%2Ccompress&fit=clip&ixlib=react-8.6.4&w=412
454,"https://media.bouclair.com/image/upload/f_auto,q_auto,dpr_auto/c_lpad,w_300,h_300/products/images/highres/9403239_92?_s=RAABAB0"
455,https://hips.hearstapps.com/hmg-prod.s3.amazonaws.com/images/living-room-paint-colors-hbx0312095a-copy-1655396895.jpg
456,https://static.mercdn.net/item/detail/orig/photos/m75071829053_2.jpg?1658767719
457,http://www.echogreentown.com/img/room01/2.jpg
458,http://m.seounart.com/web/upload/NNEditor/20170920/mobile/62898eec9411ca047c27b9cd7ce735b7_1505838807.jpg
459,https://marutisuzukiarenaprodcdn.azureedge.net/-/media/images/maruti/marutisuzuki/car/car-detail/dzire-launch-2022/interior/interior_web_04.webp?rev=7d52e5f44f084caaac0ec890f98e3fd9
460,https://t4.daumcdn.net/thumb/R720x0/?fname=http://t1.daumcdn.net/brunch/service/user/2kDw/image/y2Zrn8E6wAxmknxYuclVyHf1Jp4.jpg
461,https://data14.123doks.com/thumbv2/123dokinfo/000/512/512825/cover.webp
462,https://thediy.co.kr/data/editor/temp_14171890446685.jpg
463,http://www.texherald.co.kr/upload/products/1663414802s.jpg
464,https://cdn.shopify.com/s/files/1/1260/4791/files/Intrigue_Chevron_Gray_Fawn_and_Marble_silver_1200x1200.jpg?v=1634080654
465,https://themeforest.img.customer.envatousercontent.com/files/254142445/04_Addison-Theme-Preview.png?auto=compress%2Cformat&fit=crop&crop=top&w=590&h=300&s=c6f2a431ed0524db052a65b89641850c
466,https://sherwin.scene7.com/is/image/sw/MWF_wood-chip_Natural
467,https://dnvefa72aowie.cloudfront.net/origin/article/201607/7f89f8dd5b6cba9000e66176838dd60b67f0f16962cec6d1a2f6fb1a81e5d306.jpg?q=95&s=1440x1440&t=inside
468,https://i.shgcdn.com/7c90bcf4-473d-488d-9b5a-e231db4f9cbf/-/format/auto/-/preview/3000x3000/-/quality/lighter/
469,http://img.einet.kr/P201708240/home/mo/11.jpg?tt=1511320771
470,http://www.dap.com/media/3713/dap_plasticwood_natural-1path_6x6.jpg
471,https://kr.superudisplay.com/wp-content/uploads/2019/10/natural-health-store-interior-design-1.jpg
472,https://cdn.decoist.com/wp-content/uploads/2013/04/Pebbles-and-small-stones-for-a-natural-interior-design-3.jpg
473,https://mblogthumb-phinf.pstatic.net/MjAxOTA4MDVfMjEx/MDAxNTY1MDEwOTI4Mjg2.Nv7jX2hil2OGf58BNAAvRDEO4TMNRjTJBv7ZrP15RUMg.5NhVLE8VBFpiEjaqKjYDvkwAKStphBjbIPwweHbNpeUg.JPEG.o8o8o8486/IMG_3347.JPG?type=w800
474,https://cdn.trendir.com/wp-content/uploads/old/house-design/natural-home-architectural-interior-design-17.jpg
475,https://www.arch2o.com/wp-content/uploads/2021/07/Arch2O-how-to-use-natural-stone-in-interior-design-to-desire-1.jpg
476,https://www.naturalinteriors.com/wp-content/uploads/slide-2.jpg
477,https://cdn.idntimes.com/content-images/community/2022/06/pexels-charlotte-may-5824486-1-3d4990e171010e64d0d12ec384b68688-55be8d551ebc6c29bfdfe4d7b6955f6d.jpg
478,https://mstatic1.e-himart.co.kr/contents/content/upload/style/20200226/600477/thumbnail_750_10080126_livingRoom.jpg
479,https://www.decorilla.com/online-decorating/wp-content/uploads/2022/01/biophilic-bedroom-interior-by-Wanda-P.jpg
480,https://nimg.lfmall.co.kr/m2/images/crop/0x800+0+800/?sref=http://studiosamick.speedgabia.com/samick/bed/samick_jefferson_bed_top.jpg
481,https://i.pinimg.com/736x/2e/a0/03/2ea003e47bb12e3970be23046c917756.jpg
482,https://media.architecturaldigest.com/photos/5756f7cbe842814836974941/master/w_320%2Cc_limit/Bedroom_013.jpg
483,https://media-cdn.tripadvisor.com/media/photo-s/1b/ca/f5/0e/natural-plants-and-greenery.jpg
484,https://images-na.ssl-images-amazon.com/images/I/81rMnWnxdNL._SL1500_.jpg
485,https://lp-cms-production.s3.amazonaws.com/public/2021-07/shutterstockRF_589230974.jpg
486,https://m.chairmall.co.kr/web/upload/NNEditor/20210803/mobile/8f3844c5efdc4175e50d8962e1b5b435_1628000663.jpg
487,https://sortiedesign.imghost.cafe24.com/c/st_plant_rattan_lowdish_04.jpg
488,http://file001.shoplinker.co.kr/rugland/201202/dowlcushion.jpg
489,https://ecs7.tokopedia.net/blog-tokopedia-com/uploads/2018/03/natural-interior-8.jpg
490,https://leekorea.co.kr/_images/flagship-store/hanam02.jpg
491,https://image.aladin.co.kr/product/148/6/cover500/0253345472_2.jpg
492,"https://m.media-amazon.com/images/S/aplus-media/vc/b7db76ac-b330-48e5-b3ab-32f49f8e5e07.__CR0,0,970,300_PT0_SX970_V1___.jpg"
493,https://gmauthority.com/blog/wp-content/uploads/2019/08/2020-Chevrolet-Corvette-Stingray-3LT-Natural-sueded-leather-interior-HTG-1024x576.jpg
494,https://www.qplace.kr/data/portfolio/2451/d17570f5422ecc0ace321eb3f65a6d73_w800.jpg
495,http://newsone.co.kr/won/wp-content/uploads/2017/09/1-1.png
496,https://image.shutterstock.com/image-illustration/zen-interior-potted-bamboo-plant-260nw-1116889832.jpg
497,https://as2.ftcdn.net/v2/jpg/03/04/73/67/1000_F_304736724_kcNMXorngFQxxAF6fkCrnge05KNAKmEv.jpg
498,https://ak-d.tripcdn.com/images/1i65g22346ysivec0A15C.jpg?proc=source/trip
499,http://hw-ant.kr/images/e03_4.jpg
500,http://openhost.shop20watt.cafe24.com/AA_ShopSite/Category_Curtain/sc_eleve_190408_SimonLinenST_Curtain/sc_w860/sc_eleve_SimonLinenST_Curtain_top_01.jpg
501,https://images.squarespace-cdn.com/content/v1/5695812be0327cb166fdcf45/1597011548069-ZK8AB1LK1WMYXQZTE0O5/house+lust+logo++copy.png
502,https://adorable-home.com/wp-content/uploads/2016/03/Natural-Restaurant-Interior-Design-10.jpg
503,https://m.sobit.co.kr/web/product/big/202204/8f28da1d20d04524b98ba207022b73ae.jpg
504,http://themagazine.kr/data/editor/1712/thumb-95532999b447c3257955af847c2270bc_1513318364_4869_680x444.jpg
505,https://en.pimg.jp/073/692/337/1/73692337.jpg
506,http://www.gniwallpaper.com/attach/a1249be1524eb230e74c7b3ac7929a1a.jpg
507,https://www.mymove.com/wp-content/uploads/2013/10/GettyImages-825875064-600x400.jpg
508,http://cdn.home-designing.com/wp-content/uploads/2015/11/stripes-and-wood-interior-design.jpg
509,https://mir-s3-cdn-cf.behance.net/project_modules/fs/70706c133763659.61c4ea06b218a.jpg
510,https://sdg-migration-id.s3.amazonaws.com/Interior-Design-NBBJ-The-Amazon-Spheres-01-03.19.jpg
511,https://storage.googleapis.com/cr-resource/image/234554ee06f3696670cd4997988ae3af/bomhousing/14b5ccbd9a99909a70ac796ece5fd473.jpg?gpos=4
512,https://media.istockphoto.com/photos/zen-interior-with-potted-bamboo-plant-natural-interior-design-concept-picture-id1026572684
513,https://images.stayfolio.com/system/pictures/images/000/097/046/original/81d7190bb09c59127126749b31b1fbec4f6cdd6c.jpg?1634194868
514,https://cdn.imweb.me/thumbnail/20210416/beac47391987b.jpg
515,https://image.ohou.se/i/bucketplace-v2-development/uploads/cards/snapshots/163833036265605754.jpeg?gif=1&w=720
516,http://www.domesin.com/data/shop/3/10027953_Z7NQq.jpg
517,https://www.futuristarchitecture.com/wp-content/uploads/2019/02/JUNGLE-Cafe-9.jpg
518,http://mstatic2.e-himart.co.kr/contents/goods/snapshot/00/03/82/62/29/0003826229_1.jpg?v=202003150953
519,http://m.good-tree.co.kr/file_data/goodtree2/f08169d917384f7090a4e11ec974a762.jpg
520,http://img.wemep.co.kr/deal/4/022/1790224/0c47276d445a06479d434baca69b4fb33d855f0f_slice_0.jpg
521,https://www.unsustainablemagazine.com/wp-content/uploads/2021/05/2-2.jpg
522,https://i.insider.com/63345f8fed5b4f00183b9764?width=600&format=jpeg&auto=webp
523,https://phinf.pstatic.net/checkout.phinf/20220316_175/1647428778433LngYf_JPEG/review-attachment-7f0fe9ac-006d-4667-b4d8-b430e749777a.jpeg?type=w640
524,http://good-tree.co.kr/web/upload/pd/coke_paint.jpg
525,https://www.metroflor.com/images/Farmhouse-kitchen-design-Metroflor.jpg
526,http://img1.tmon.kr//cdn3/deals/2021/05/27/6214649354/6214649354_summary_21622101269_e8ac1.jpg
527,https://ggumigga1.hgodo.com/home/feel/ejaqmfdidxjfxltbzjqj2.jpg
528,https://file.moongori.com/_data/editor/201708/30/10ad340bdb563e1d2a3a3ab5257cca85ba.JPG
529,http://gdimg.gmarket.co.kr/1572259218/still/400?ver=1551968531
530,https://images.adsttc.com/media/images/62ea/80a9/f58b/1601/6632/993c/newsletter/designing-illuminated-natural-and-minimal-interiors_1.jpg?1659535535
531,https://i0.wp.com/www.kadvacorp.com/wp-content/uploads/2014/10/Organic-Architecture-Characteristics-Design-by-Bozhinovski-Studio-in-this-Dental-Clinic-02.jpg?resize=600%2C450&ssl=1
532,"https://images.homify.com/c_fill,f_auto,h_700,q_auto/v1443757434/p/photo/image/964480/%EB%9E%98%EB%AF%B8%EC%95%88%EA%B7%B8%EB%A0%88%EC%9D%B4%ED%8A%BC_livingroom_after-3.jpg"
533,https://5.imimg.com/data5/JW/YV/NJ/SELLER-1254939/teak-wood-carving-door-500x500.jpeg
534,https://ae01.alicdn.com/kf/H77186ae8fa654b858b81d501a58a2aa4w/30-120ml.jpg
535,https://thumbs.dreamstime.com/b/zen-interior-potted-bamboo-plant-natural-design-concept-minimalist-luxury-bathroom-bathtub-sink-carpet-contemporary-159523947.jpg
536,https://www.mixtemagazine.ca/wp-content/uploads/2019/07/PIERREMARTIN_05SEPT2018_034.jpg
537,https://img.freepik.com/premium-vector/minimalist-furniture-interior-design-instagram-post-template_536422-15.jpg?w=2000
538,https://images.thdstatic.com/productImages/febfe7d7-ac31-46e7-9910-1f84c3174c6a/svn/natural-behr-interior-wood-stains-b352416-e4_300.jpg
539,https://i1.wp.com/catesthill.com/wp-content/uploads/2020/01/catesthill-botanical-green-bedroom-makeover-57.jpg?resize=900%2C1200
540,https://designwanted.com/wp-content/uploads/2022/02/biophilic-interior-3.jpg
541,https://ggwinner.img47.makeshop.info/web/ogan/interior/lime-natural-02-title.jpg
542,https://www.mydomaine.com/thmb/FbXgHAai0s5hw0qU7gT9sWqzej8=/700x1050/filters:no_upscale():max_bytes(150000):strip_icc()/cdn.cliqueinc.com__cache__posts__252735__scandinavian-interior-design-ideas-252735-1521559312654-image.700x0c-0299baf8fac14d0d988cce9cfaaee5d7.jpg
543,http://danmee.chosun.com/site/data/img_dir/2010/08/17/2010081701208_2.jpg
544,"https://sp-ao.shortpixel.ai/client/to_webp,q_lossy,ret_img,w_710/https://www.lovehappensmag.com/blog/wp-content/uploads/2021/04/home-office-the-haute-interiors-plant.jpg"
545,http://www.echogreentown.com/img/room03/3.jpg
546,https://admincontent.bimobject.com/public/productimages/a0cf9a95-8fc2-4c43-a5ff-b32d56095d4b/2c907816-df84-4119-9f23-2aac3199c8d4/8467?width=675&height=675
547,http://residencestyle.com/wp-content/uploads/2015/01/natural-bathroom-inspiration-interior.jpg
548,https://www.ariafurniture.co.kr/data/editor/2003/thumb-49f71f6b01d43be3319d89a0228783c4_1583484062_9_600x842.jpg
549,https://blogthumb.pstatic.net/20130612_217/kintai_1370980651567BHHms_JPEG/Vintage-Neo-Classical-Natural-Restaurant-Modern-Interior-Design-by-Apparatus-Arc.jpg?type=w2
550,https://static.interiors.fr/media/thumbnails/2941aa_401__066088800_1111_07072020.jpg
551,https://cdn.trendir.com/wp-content/uploads/old/house-design/natural-home-architectural-interior-design-3.jpg
552,https://cdn.hommes.studio/wp-content/uploads/Get-To-Know-Interior-Design-Trends-2022_4.jpg?strip=all&lossy=1&quality=92&webp=92&avif=60&w=1029&ssl=1
553,"https://hips.hearstapps.com/hbu.h-cdn.co/assets/cm/15/04/54c12d8238943_-_ibrary-table-vintage-antlers-wall-display-0911-brown012-xln.jpg?crop=0.984xw:0.941xh;0.00691xw,0&resize=480:*"
554,https://www.architectureartdesigns.com/wp-content/uploads/2014/11/274-630x419.jpg
555,https://www.arch2o.com/wp-content/uploads/2021/07/Arch2O-how-to-use-natural-stone-in-interior-design-to-desire-2.jpg
556,https://thediy.co.kr/data/editor/goods/1/2013/02/64699_15171402829171.jpg
557,https://cdn.shopify.com/s/files/1/2941/6840/products/samurai-jeans-japanese-cotton-slub-tshirt-natural-interior.jpg?v=1651853205
558,https://i.pinimg.com/564x/15/63/62/156362d6528fb6470baf7814be1e611b.jpg
559,https://www.tollbrothers.com/blog/wp-content/uploads/2022/01/natural-design-6.jpg
560,https://foyr.com/learn/wp-content/uploads/2020/04/french-country-interior-design-style-971x1024.jpg
561,https://sortiedesign.imghost.cafe24.com/c/st_plant_rattan_op_livingdresser_800_05.jpg
562,https://www.decorilla.com/online-decorating/wp-content/uploads/2022/01/Interior-biophilic-design.jpg
563,https://as2.ftcdn.net/v2/jpg/04/03/23/41/1000_F_403234157_0ncNEXQQ6ebc5yQlFPiSrPo0BfccL9fC.jpg
564,https://image.shutterstock.com/image-illustration/zen-interior-potted-bamboo-plant-260nw-1547246228.jpg
565,https://lookaside.fbsbx.com/lookaside/crawler/media/?media_id=1523482727856768
566,https://m.media-amazon.com/images/I/51y1vZVRQeL._AC_.jpg
567,https://en.pimg.jp/073/692/343/1/73692343.jpg
568,https://store.img11.co.kr/25107283/34c1574d-7989-4b57-8394-0ad07f285a7b_1632971024488.jpg
569,https://mir-s3-cdn-cf.behance.net/project_modules/max_1200/3a6b4f88323053.5dd309ddd727a.jpg
570,http://cdn.home-designing.com/wp-content/uploads/2015/11/minimalistic-interior-with-outdoor-view.jpg
571,http://imagescdn.gettyimagesbank.com/500/19/206/905/0/1144300310.jpg
572,https://dkgagu.co.kr/up/product/10617/ed_201910241571903138.jpg
573,https://cdn.decoist.com/wp-content/uploads/2013/04/Pebbles-and-small-stones-for-a-natural-interior-design-1.jpg
574,https://t1.daumcdn.net/cfile/blog/18119D4D4EC9EFD837
575,https://www.superudisplay.com/wp-content/uploads/2020/09/natural-health-store-interior-design-5.jpg
576,https://media.istockphoto.com/photos/zen-interior-with-potted-bamboo-plant-natural-interior-design-concept-picture-id1397379494?b=1&k=20&m=1397379494&s=170667a&w=0&h=ruG5nS93St3RMi-2SAl0Upit92lm9vbQ421m-qfTmgQ=
577,https://image.made-in-china.com/155f0j00wsriOlHGELch/Gray-Bamboo-Floor-Tiles-Texture-Natural-Interior-Home-Solid-Timber-Floating-Flooring.jpg
578,https://i.ytimg.com/vi/RzItMLKywV4/maxresdefault.jpg
579,https://image.yes24.com/momo/ForeignBooks/MidCate04663/346622059.jpg
580,https://adorable-home.com/wp-content/uploads/2016/03/Natural-Restaurant-Interior-Design-8.jpg
581,https://static.politico.com/dims4/default/55a1666/2147483647/resize/1110/quality/100/?url=https://static.politico.com/05/c1/70d8c6aa445e9d6733e8b29f99d2/https-delivery.gettyimages.com/downloads/1398160309
582,https://images.squarespace-cdn.com/content/v1/5695812be0327cb166fdcf45/1595450508833-86H0ZGG2S9SPL22OX9N6/Sophie+Allport+Bedding
583,https://images.adsttc.com/media/images/619d/4bc0/3143/4064/b38b/7bc4/newsletter/cut01-a-final.jpg?1637698513
584,http://file.moongori.com/webimg/board/_data/writer168/1173588//writer168_1173588_0_1481697980.JPG
585,"https://images.homify.com/c_fill,f_auto,h_700,q_auto/v1443757442/p/photo/image/964481/%EB%9E%98%EB%AF%B8%EC%95%88%EA%B7%B8%EB%A0%88%EC%9D%B4%ED%8A%BC_livingroom_after-4.jpg"
586,https://5.imimg.com/data5/UG/LT/WA/SELLER-1254939/teak-wood-carving-door-500x500.jpeg
587,https://media-cdn.tripadvisor.com/media/photo-s/02/68/8b/3d/filename-waryongdong.jpg
588,https://media.istockphoto.com/photos/zen-interior-with-potted-bamboo-plant-natural-interior-design-concept-picture-id982368280
589,https://i0.wp.com/www.kadvacorp.com/wp-content/uploads/2014/10/Organic-Architecture-Characteristics-Design-by-Bozhinovski-Studio-in-this-Dental-Clinic-04.jpg?resize=800%2C601&ssl=1
590,https://previews.123rf.com/images/diegograndi/diegograndi1704/diegograndi170400206/75363651-%EC%8A%A4%EB%AF%B8%EC%8A%A4-%EC%86%8C%EB%8B%88-%EC%96%B8-%EA%B5%AD%EB%A6%BD-%EC%9E%90%EC%97%B0%EC%82%AC-%EB%B0%95%EB%AC%BC%EA%B4%80-%EC%9B%8C%EC%8B%B1%ED%84%B4-dc-%EB%AF%B8%EA%B5%AD.jpg
591,https://i0.wp.com/catesthill.com/wp-content/uploads/2020/01/catesthill-botanical-green-bedroom-makeover-44.jpg?resize=900%2C1200
592,https://static.interiors.fr/media/thumbnails/1706aa_201__091849100_1540_09112020.jpg
593,https://cdn.hommes.studio/wp-content/uploads/11.jpg?strip=all&lossy=1&quality=92&webp=92&avif=60&resize=1020%2C827&ssl=1
594,https://static.dezeen.com/uploads/2022/03/forest-retreat-norm-architects-holiday-home-interiors-norm-architects_dezeen_sq3-411x411.jpg
595,https://mblogthumb-phinf.pstatic.net/MjAxODA3MTdfMTgw/MDAxNTMxODA0NzcyMjkw.rb-5Sn7Lj6SJmdJGGBQIeH6n-_KM7j5OHVnVY4w9CYcg.e58_8GlnR2WIEJwGQ-_6PRI4KCkv8zAmUyQoz7Qss34g.JPEG.bhdesign1/IMG_0093-4.jpg?type=w800
596,http://img.ezmember.co.kr/cache/board/2013/08/25/f9405c31f61767f86252d820975ff574.jpg
597,https://ggwinner.img47.makeshop.info/web/upload/NNEditor/20180914/d568be1386ffe5cb88890d057b1908f8.jpg
598,https://img.freepik.com/premium-photo/traditional-japanese-tea-room-interior-with-tatami-mats-and-sun-light_258219-482.jpg?w=360
599,http://www.echogreentown.com/img/room07/3.jpg
600,https://ae01.alicdn.com/kf/Hfd2f5b2bc966419396fe7cb20668d837M/-.jpg
601,https://image.aladin.co.kr/product/2043/40/cover/8991193889_1.jpg
602,https://www.mixtemagazine.ca/wp-content/uploads/2019/07/PIERREMARTIN_05SEPT2018_018.jpg
603,https://images.thdstatic.com/productImages/fe2dcbb7-b78f-47ca-9fab-26a3d547617b/svn/jeld-wen-double-hung-windows-d80081-64_600.jpg
604,https://image.shutterstock.com/image-illustration/zen-interior-potted-bamboo-plant-260nw-1635068506.jpg
605,https://ecs7.tokopedia.net/blog-tokopedia-com/uploads/2018/03/natural-interior-5.jpg
606,https://as1.ftcdn.net/v2/jpg/04/47/30/72/1000_F_447307261_OiI8YLt9SEqn78MiAsQ2YfhsR4oTwky5.jpg
607,https://cdn.idntimes.com/content-images/community/2022/06/pexels-maria-orlova-4947550-1-3d4990e171010e64d0d12ec384b68688-e5dc95afbefe0dacafc05c51bb014e7f.jpg
608,https://en.pimg.jp/048/949/056/1/48949056.jpg
609,http://imagescdn.gettyimagesbank.com/500/18/206/798/0/982365256.jpg
610,https://admincontent.bimobject.com/public/productimages/a0cf9a95-8fc2-4c43-a5ff-b32d56095d4b/2c907816-df84-4119-9f23-2aac3199c8d4/8465?width=675&height=675
611,https://www.naturalinteriors.com/wp-content/uploads/homebox-3.jpg
612,http://gdimg.gmarket.co.kr/987706161/still/600?ver=1621089353
613,https://kr.superudisplay.com/wp-content/uploads/2019/10/natural-health-store-interior-design-3.jpg
614,https://cdn.decoist.com/wp-content/uploads/2013/04/Pebbles-and-small-stones-for-a-natural-interior-design-2.jpg
615,https://i.pinimg.com/736x/ef/19/36/ef1936f3fb9ee4057be551b529ef842f.jpg
616,https://media.architecturaldigest.com/photos/5756f7c7e84281483697493c/master/w_320%2Cc_limit/Bedroom_008.jpg
617,https://www.arch2o.com/wp-content/uploads/2020/07/Arch2O-what-are-the-fundamentals-of-minimalist-interior-design-2.jpg
618,http://file.moongori.com/webimg/board/_data/writer168/1131350//writer168_1131350_0_1471565425.JPG
619,http://ai.esmplus.com/mchaha7889/FLOWER/TILA199-TILA201/TILA200/TILA200_03.jpg
620,https://designwanted.com/wp-content/uploads/2022/02/biophilic-interior-19.jpg
621,https://thediy.co.kr/data/editor/goods/1/2014/09/68087_1daecece34a552c596e20fb086f1b4ab1723573.jpg
622,https://media.istockphoto.com/photos/mock-up-frame-in-home-interior-background-white-room-with-natural-picture-id1199960228
623,http://cdn.home-designing.com/wp-content/uploads/2015/11/super-modern-interior-glass-walls.jpg
624,https://adorable-home.com/wp-content/uploads/2016/03/Natural-Restaurant-Interior-Design-2.jpg
625,https://i0.wp.com/www.kadvacorp.com/wp-content/uploads/2014/10/Organic-Architecture-Characteristics-Design-by-Bozhinovski-Studio-in-this-Dental-Clinic-03.jpg?resize=800%2C601&ssl=1
626,https://thumbs.dreamstime.com/b/mock-up-frame-home-interior-background-white-room-natural-wooden-furniture-scandi-boho-style-mock-up-frame-home-177587425.jpg
627,https://www.architectureartdesigns.com/wp-content/uploads/2014/11/1061.jpg
628,https://ggwinner.img47.makeshop.info/web/ogan/interior/spring-04-01.jpg
629,https://foyr.com/learn/wp-content/uploads/2022/03/display-nature-images-for-biophilic-design-683x1024.jpg
630,https://image.made-in-china.com/155f0j00dKulNaPgZIbW/Gray-Bamboo-Floor-Tiles-Texture-Natural-Interior-Home-Solid-Timber-Floating-Flooring.jpg
631,http://www.echogreentown.com/img/room08/2.jpg
632,https://img.freepik.com/premium-psd/natural-interior-podium-product-display_401134-923.jpg?w=2000
633,https://mir-s3-cdn-cf.behance.net/project_modules/disp/dc1c2a25524811.56346aa845f97.jpg
634,http://img.ariafurniture.co.kr/images/700_Fillippo-BW_Laptop-Table_07.jpg
635,http://img.ezmember.co.kr/cache/board/2013/08/25/596b63149169944381af2892e7467fba.jpg
636,https://image.yes24.com/momo/TopCate3419/MidCate003/341829403.jpg
637,https://image.shutterstock.com/shutterstock/photos/1460135804/display_1500/stock-photo-modern-interior-design-concept-of-a-natural-style-living-room-with-a-grey-fabric-sofa-with-white-1460135804.jpg
638,https://post-phinf.pstatic.net/MjAxNzAzMjJfOTYg/MDAxNDkwMTkxODc2NTc0.eV5aljRJpmbnU5k3Rkn2G6jkbdw40xbWkt1hoB7odMog.vKJ4WKQRMud55cmCZ777o4GPxMLgULZtTLcZKf3iRW4g.JPEG/9.jpg?type=w1200
639,https://www.mixtemagazine.ca/wp-content/uploads/2019/07/PIERREMARTIN_05SEPT2018_039.jpg
640,https://images.thdstatic.com/productImages/b1e8709a-2e3e-44fc-9271-99283e7e3f6b/svn/shell-white-rm-glidden-essentials-paint-colors-hdgy09ue-01en-40_600.jpg
641,https://en.pimg.jp/049/920/799/1/49920799.jpg
642,https://us.123rf.com/450wm/emojiimage/emojiimage1904/emojiimage190400524/123621616-home-plant-top-view-on-white-background-succulent-concept-natural-interior-decor-potted-flower-flora.jpg?ver=6
643,https://as1.ftcdn.net/v2/jpg/03/50/10/04/1000_F_350100487_yEAdIdoR4Y4nWYMdU0c97RAUdUiUGk54.jpg
644,https://www.naturalinteriors.com/wp-content/uploads/6FEA6314-C718-4D4C-927D-213688837EE7-539x303.png
645,https://admincontent.bimobject.com/public/productimages/a0cf9a95-8fc2-4c43-a5ff-b32d56095d4b/07c79fa5-f731-4c53-b5dc-5887f254fc13/8377?width=675&height=675
646,http://ai.esmplus.com/gded/o/w/20200511/11/15891646665422dbfb25.jpg
647,https://ae01.alicdn.com/kf/HTB18g10PFXXXXbFXpXXq6xXFXXXC/3D.jpg_.webp
648,https://cdn.decoist.com/wp-content/uploads/2013/04/Pebbles-and-small-stones-for-a-natural-interior-design-7.jpg
649,https://image.aladin.co.kr/product/4093/7/cover500/8959756156_1.jpg
650,https://www.arch2o.com/wp-content/uploads/2021/07/Arch2O-how-to-use-natural-stone-in-interior-design-to-desire-4.jpg
651,https://file.moongori.com/_data/editor/201611/22/25eb5b666eed2df320dca2913cf9f747a.JPG
652,https://i.ytimg.com/vi/wVgKnDaDR5I/maxresdefault.jpg
653,http://ai.esmplus.com/mchaha7889/FLOWER/TILA199-TILA201/TILA199/TILA199_03.jpg
654,https://thediy.co.kr/data/editor/goods/1/2017/02/69139_18bbc02ca41a375ad7bce04b052bba072354283.jpg
655,http://cdn.home-designing.com/wp-content/uploads/2015/11/luxury-dining-with-floor-to-ceiling-windows.jpg
656,https://thumbs.dreamstime.com/b/modern-natural-interior-light-wood-ceiling-texture-background-213923813.jpg
657,https://ggwinner.img47.makeshop.info/web/upload/NNEditor/20180914/320239346a818aa94cdb8555c2bed6bf.jpg
658,https://m.media-amazon.com/images/I/51YJMsQB5PL.jpg
659,https://media.architecturaldigest.com/photos/5756f7c269bcf60b7b86473f/master/w_320%2Cc_limit/Bedroom_001.jpg
660,https://cdn.hommes.studio/wp-content/uploads/6.jpg?strip=all&lossy=1&quality=92&webp=92&avif=60&w=1029&ssl=1
661,http://www.echogreentown.com/img/room09/2.jpg
662,https://kr.superudisplay.com/wp-content/uploads/2019/10/natural-health-store-interior-design-2.jpg
663,https://lookaside.fbsbx.com/lookaside/crawler/media/?media_id=1834277300062647
664,https://mir-s3-cdn-cf.behance.net/project_modules/max_1200/699e89109449759.60187bb615e05.jpg
665,https://image.shutterstock.com/image-illustration/zen-interior-potted-bamboo-plant-260nw-1585532983.jpg
666,https://mblogthumb-phinf.pstatic.net/MjAxOTAzMjBfMjc1/MDAxNTUzMDQ1Njc1MzQw.0NLpDpRE2FzRUjb5E5EJoTbiSChrdbLsWEnuSHq2lxsg.RnIlj54L_p450FIFRaTGz3UcuTw46tmc4YD8UOiNQocg.JPEG.lemoninhouse/%EB%82%B4%EC%B6%94%EB%9F%B42.jpg?type=w800
667,https://images.thdstatic.com/productImages/2ea3b9b8-6d68-4dd5-a97c-4be589d8a803/svn/jeld-wen-double-hung-windows-d80081-e1_600.jpg
668,https://previews.123rf.com/images/marysan9/marysan91908/marysan9190800056/129394306-%EA%B7%B8%EB%A6%BC%EC%9E%90-%EC%98%A4%EB%B2%84%EB%A0%88%EC%9D%B4-%ED%9A%A8%EA%B3%BC-%EC%A1%B0%EB%A1%B1-%EC%B0%BD-%ED%94%84%EB%A0%88%EC%9E%84-%EC%9E%90%EC%97%B0-%EC%8B%A4%EB%82%B4-%EC%A1%B0%EB%AA%85-%EB%B2%A1%ED%84%B0-%EC%9D%BC%EB%9F%AC%EC%8A%A4%ED%8A%B8-%EB%A0%88%EC%9D%B4-%EC%85%98.jpg
669,http://image.yes24.com/blogimage/blog/f/a/fa11inlove77/1DIY.jpg
670,https://i.pinimg.com/236x/ae/3d/3e/ae3d3e1e8d34c0ec86753b364f182cd2.jpg
671,https://images.adsttc.com/media/images/6228/f983/bea5/d001/663a/c9fa/newsletter/email-anhang-2017-lamilux-tale-kita-soemmerda-09.jpg?1646852498
672,https://en.pimg.jp/025/173/592/1/25173592.jpg
673,https://as2.ftcdn.net/v2/jpg/02/93/29/53/1000_F_293295359_feP8kWCrisrIiYaHuy0KaJyunKjhBjuh.jpg
674,https://file.moongori.com/_data/editor/201610/28/5ce296e1a2b3a6b87486c21c0e1d5f52e.JPG
675,https://img.freepik.com/premium-photo/modern-natural-interior-decor-collection-of-succulents-in-pots-and-glass-geometric-vases_279525-7867.jpg?w=2000
676,https://www.thediy.co.kr/data/editor/goods/1/2017/05/69378_d2696e4521b035ba8ed4094181adb7cb1807063.jpg
677,http://ai.esmplus.com/gded/e/n/20191227/09/1577408362886e988eed.jpg
678,https://www.decorilla.com/online-decorating/wp-content/uploads/2021/11/Japandi-decor-style.jpg
679,https://media.istockphoto.com/photos/wood-texture-for-background-design-natural-pattern-beautiful-brown-picture-id1428951276
680,http://cdn.home-designing.com/wp-content/uploads/2015/11/crisp-minimalist-white-interior-design.jpg
681,https://media.architecturaldigest.com/photos/5756f7c669bcf60b7b864740/master/w_320%2Cc_limit/Bedroom_006.jpg
682,https://ggwinner.img47.makeshop.info/web/ogan/interior/spring-01-01.jpg
683,http://www.echogreentown.com/img/room08/3.jpg
684,https://mir-s3-cdn-cf.behance.net/project_modules/disp/0e53e125524811.56346aa8422a6.jpg
685,"https://images-na.ssl-images-amazon.com/images/I/A1naU5xrObL._AC_UL210_SR210,210_.jpg"
686,https://www.naturalinteriors.com/wp-content/uploads/2020/02/post-2-539x303.jpg
687,https://mblogthumb-phinf.pstatic.net/MjAxOTA4MDVfMTYg/MDAxNTY0OTkxOTExNDgy.RvKF70g7MgSr9kB8zJdxf1T9RufFlDwV2Jq2fGIrvlUg.h5bLQgrqVZluSTPeWlwiDKoY1RtL4k3O2AMuUgkY7Nkg.JPEG.o8o8o8486/IMG_3184.JPG?type=w800
688,https://image.shutterstock.com/shutterstock/photos/2187022673/display_1500/stock-photo-zen-interior-with-potted-bamboo-plant-natural-interior-design-concept-country-white-living-room-2187022673.jpg
689,https://i.pinimg.com/originals/9b/0f/7e/9b0f7e1c2ef0a3be5978d9b1bec881ff.jpg
690,https://www.mixtemagazine.ca/wp-content/uploads/2019/07/PIERREMARTIN_05SEPT2018_036.jpg
691,https://images.thdstatic.com/productImages/2626b695-d97a-4d49-9db2-8ebc61a594e5/svn/jeld-wen-awning-windows-thdjw143300134-e4_300.jpg
692,https://images.adsttc.com/media/images/5e66/ae3c/b357/65a1/f300/0060/newsletter/Monika_Sathe_Photography.jpg?1583787573
693,https://previews.123rf.com/images/marysan9/marysan91908/marysan9190800015/129393996-%EA%B7%B8%EB%A6%BC%EC%9E%90-%EC%84%B8%ED%8A%B8-%EC%98%A4%EB%B2%84%EB%A0%88%EC%9D%B4-%ED%9A%A8%EA%B3%BC-%EC%A1%B0%EB%A1%B1-%EC%B0%BD%ED%8B%80-%EB%B0%8F-%EC%8B%9D%EB%AC%BC-%EC%9E%8E-%EC%9E%90%EC%97%B0-%EC%8B%A4%EB%82%B4-%EC%A1%B0%EB%AA%85-%EB%B2%A1%ED%84%B0-%EC%9D%BC%EB%9F%AC%EC%8A%A4%ED%8A%B8%EB%A0%88%EC%9D%B4%EC%85%98.jpg
694,http://file.moongori.com/webimg/board/_data/writer168/1180495//writer168_1180495_0_1483663721.JPG
695,https://en.pimg.jp/078/857/953/1/78857953.jpg
696,https://as2.ftcdn.net/v2/jpg/02/83/72/61/1000_F_283726172_dBbK7x0Vwj0sILZIR98ZHvHNVxZBnAFG.jpg
697,https://thediy.co.kr/data/editor/temp_14680529049939.jpg
698,https://img.freepik.com/premium-photo/dried-reeds-as-home-decor-minimalistic-cozy-interior-natural-interior-still-life-with-a-reed-grass-for-interior-design_173815-4967.jpg?w=360
699,https://ecs7.tokopedia.net/blog-tokopedia-com/uploads/2018/03/banner-furniture-edgy-kreasilokal.jpg
700,https://thumbs.dreamstime.com/b/panorama-natural-interior-brown-wooden-panel-background-texture-178634874.jpg
701,https://kr.superudisplay.com/wp-content/uploads/2019/10/natural-health-store-interior-design-5.jpg
702,https://cdn-bnokp.nitrocdn.com/QNoeDwCprhACHQcnEmHgXDhDpbEOlRHH/assets/static/optimized/rev-a2e9e3b/online-decorating/wp-content/uploads/2022/01/Natural-light-in-Interior-biophilic-interior-design-.jpeg
703,http://www.echogreentown.com/img/room07/2.jpg
704,http://cdn.home-designing.com/wp-content/uploads/2015/11/icicle-nesting-tables.jpg
705,https://ggwinner.img47.makeshop.info/web/upload/NNEditor/20180914/fd288809d0a89b302937204162ae6ca1.jpg
706,https://mir-s3-cdn-cf.behance.net/project_modules/1400/9b145d99641345.5ef78fddd4163.png
707,http://image.yes24.com/blogimage/blog/y/s/yshee21/20121106103252863091.jpg
708,http://gdimg.gmarket.co.kr/1741785732/still/400?ver=1627536745
709,https://media.istockphoto.com/photos/wood-texture-for-background-design-natural-pattern-beautiful-brown-picture-id1428952988?s=612x612
710,https://i.pinimg.com/originals/70/e8/06/70e80646119c7c2b94c9e2263a3a5603.png
711,https://en.pimg.jp/049/938/636/1/49938636.jpg
712,https://www.thediy.co.kr/data/editor/goods/1/2017/01/69121_14860352220773.jpg
713,https://file.moongori.com/_data/editor/201704/18/100ea94237488fc8a5a35443ac50f6027b.JPG
714,https://mblogthumb-phinf.pstatic.net/MjAxOTA4MDVfMjQz/MDAxNTY1MDEwOTI4NjMz.B_yPrJ6AUdBJQJPac3BjpNv8nd5eRF-0hOctoM_9Sgog.BFfGyID9uE1AwRHPMrBxs4j2Rxc2JFd21CdR9pCPr64g.JPEG.o8o8o8486/IMG_3346.JPG?type=w800
715,https://images.thdstatic.com/productImages/22db6938-1ed5-4ef2-9c7b-6be47262a03f/svn/jeld-wen-double-hung-windows-d80081-1d_600.jpg
716,https://www.tollbrothers.com/blog/wp-content/uploads/2020/04/Toll_Logo_BrandBlue_Slide-copy.jpg
717,https://images.adsttc.com/media/images/62ea/80c0/f58b/1601/6632/993e/newsletter/designing-illuminated-natural-and-minimal-interiors_2.jpg?1659535559
718,https://us.123rf.com/450wm/marysan9/marysan91908/marysan9190800014/129393994-set-of-shadows-overlay-effects-mock-up-window-frame-and-leaf-of-plants-natural-interior-light-vector.jpg?ver=6
719,https://www.naturalinteriors.com/wp-content/uploads/homebox-5.jpg
720,https://www.decorilla.com/online-decorating/wp-content/uploads/2022/01/Biophilic-design-element-by-Decorilla-interior-designer-Anna-C..jpeg
721,http://www.echogreentown.com/img/room11/2.jpg
722,http://cdn.home-designing.com/wp-content/uploads/2015/11/selection-of-luxury-interior-materials.jpg
723,https://ggwinner.img47.makeshop.info/web/ogan/interior/lime-natural-03-01.JPG
724,https://mir-s3-cdn-cf.behance.net/project_modules/max_1200/79604e109449759.60187bb598ff4.jpg
725,https://file.moongori.com/_data/editor/201703/23/1d7953f91137ba263100eb3c286d6e655.JPG
726,https://post-phinf.pstatic.net/MjAxOTAxMjhfNjIg/MDAxNTQ4NjYzMDM1MDUw.WbbVihmQmdzzOU4UcbbEz7W9SEP5Oy3khIL10Yam_Aog.7PRR-FGQg1Nfij7sotIMpb4SwmS_bJECzo6kxm6dwyMg.JPEG/-%EC%86%8C%EC%BB%B7.jpg?type=w1200
727,https://en.pimg.jp/061/472/279/1/61472279.jpg
728,http://ai.esmplus.com/gded/k/i/20180730/10/153291382521178bd5f7.jpg
729,https://images.adsttc.com/media/images/6218/10a5/5b1d/9001/64c0/3500/medium_jpg/sal-n-planta-primera-can-monges-ok.jpg?1645744489
730,https://i.pinimg.com/236x/d8/0e/f5/d80ef525b5ff789112ed0cae03ac56c4--natural-home-decor-natural-homes.jpg
731,https://thediy.co.kr/data/editor/goods/1/2017/02/69139_220ccea32eed252a3614c064af1d70c72354283.jpg
732,https://us.123rf.com/450wm/emojiimage/emojiimage1904/emojiimage190400561/123621638-succulent-plant-top-view-on-white-background-natural-interior-decor-and-houseplant-potted-flower-flo.jpg?ver=6
733,https://cdn-bnokp.nitrocdn.com/QNoeDwCprhACHQcnEmHgXDhDpbEOlRHH/assets/static/optimized/rev-a2e9e3b/online-decorating/wp-content/uploads/2022/01/Sustainable-interior-design-biophilic-trend-Leanne-Ford.jpg
734,http://www.echogreentown.com/img/room09/3.jpg
735,https://ggwinner.img47.makeshop.info/web/upload/NNEditor/20180914/407058d22869df585ef220851386561d.jpg
736,https://as1.ftcdn.net/v2/jpg/02/57/11/20/1000_F_257112000_eTYg1deuCbWOCK1OXRP4o0l9gimosBpM.jpg
737,http://cdn.home-designing.com/wp-content/uploads/2015/11/transparent-interior-walls.jpg
738,https://mir-s3-cdn-cf.behance.net/project_modules/max_1200/0af4db109449759.60187bb694fca.jpg
739,https://file.moongori.com/_data/editor/201707/25/991e510fafc65a69e53070c7056a8098b.JPG
740,http://bampic.gmarket.co.kr/v1/772/691/2171691772/00499/2171691772361438149900.jpg
741,https://blogthumb.pstatic.net/MjAxNzAyMDJfMTIx/MDAxNDg2MDQ0ODU2MTQ4.KpX30-JR9TKXZulJ-Wj_mQ3ph1hALhSrsNOuaQgMzQsg.D24gB2CKxte1Q4eqImfcy8LAaVEsWbG3008OU7dUpSAg.JPEG.young150718/song_170202_50.jpg?type=w2
742,https://en.pimg.jp/061/472/278/1/61472278.jpg
743,https://i.pinimg.com/550x/f0/e4/5e/f0e45e803b5de4e5ff89d2c0c0eaa81a.jpg
744,https://images.adsttc.com/media/images/6228/f983/88e3/9a46/1df2/de08/medium_jpg/email-anhang-2014-lamilux-kita-wolke-10-nuernberg-12.jpg?1646852497
745,https://us.123rf.com/450wm/marysan9/marysan91908/marysan9190800054/129394308-shadows-overlay-effects-mock-up-window-frame-and-leaf-of-plants-natural-interior-light-vector-illust.jpg?ver=6
746,https://thediy.co.kr/data/board/3thsupporters/_thumb_a517c6000020d6106b6a443d4646e58c1039025.JPG
747,http://www.echogreentown.com/img/room11/3.jpg
748,https://ggwinner.img47.makeshop.info/web/upload/NNEditor/20180914/9a17d77b90bedc956f76a6b16025f1c8.jpg
749,http://cdn.home-designing.com/wp-content/uploads/2017/07/woven-ottoman-white-couch-clean-Scandinavian-living-room-look-575x325.jpg
750,https://mir-s3-cdn-cf.behance.net/project_modules/2800_opt_1/fc6a5196023319.5ea5146d6ba45.jpg
751,https://as1.ftcdn.net/v2/jpg/02/20/74/38/1000_F_220743890_niqwLaboSC7WkWgJfiQdsP5aQ05RkOmN.jpg
752,https://file.moongori.com/_data/editor/201706/17/0bb904d0a357e6a28555e73a5bfce8cb2.JPG
753,https://saehani1.diskn.com/healing/kumsilbang/deakinseries/deakin_6.jpg
754,https://images.adsttc.com/media/images/6228/f9af/88e3/9a01/6691/673d/newsletter/email-anhang-2017-lamilux-severin-garching-21.jpg?1646852541
755,https://i.pinimg.com/236x/0e/06/a9/0e06a9c7a95f23dc6c2d6a53076abf27.jpg
756,http://www.echogreentown.com/img/room02/2.jpg
757,https://en.pimg.jp/078/837/843/1/78837843.jpg
758,https://thediy.co.kr/data/board/3thsupporters/_thumb_53782f2d3042e23c49b5372368cf7bbc2210375.JPG
759,https://us.123rf.com/450wm/golubovy/golubovy1908/golubovy190800856/golubovy190800856-diy-florarium-natural-interior-decor-succulents-and-moss-arrangement-in-glass-geometric-vase-copy-sp.jpg?ver=6
760,https://ggwinner.img47.makeshop.info/web/upload/NNEditor/20180914/c13b1d96f03be520a41b591e84e4c37b.jpg
761,http://cdn.home-designing.com/wp-content/uploads/2015/11/floor-to-ceiling-windows1.jpg
762,https://mir-s3-cdn-cf.behance.net/project_modules/max_1200/5d88ef103047677.5f44b18b9c705.jpg
763,https://file.moongori.com/_data/editor/201706/07/213dd1880336592e7682b2dc90a4ea716f.JPG
764,https://images.adsttc.com/media/images/6218/10a3/6864/941f/0f64/43db/newsletter/estar-planta-baja-patio-can-monges-ok.jpg?1645744358
765,https://i.pinimg.com/236x/0d/3a/b3/0d3ab39d736f484fd859e52d87244735.jpg
766,https://mblogthumb-phinf.pstatic.net/MjAxOTA4MDVfMjMx/MDAxNTY0OTkxMzg1Nzk4.E0CvJcmYXydc7J_QAjuhPSkTXYmcIDObnXLEpI44Mhwg.Q4VjMpPIoVGfloNJtPy711g1SRNA2Rl6duxUHq6MtLsg.JPEG.o8o8o8486/IMG_3195.JPG?type=w800
767,http://www.echogreentown.com/img/room12/2.jpg
768,https://ggwinner.img47.makeshop.info/web/upload/NNEditor/20180914/8c7e28d127552c84d84850dd0d97cd36.jpg
769,http://cdn.home-designing.com/wp-content/uploads/2015/11/elegant-industrial-inspired-decor.jpg
770,https://mir-s3-cdn-cf.behance.net/project_modules/max_1200/035be0109449759.60187bb6958b1.jpg
771,https://file.moongori.com/_data/editor/201704/28/43a7f2d63921bf95c5d8433173493f22b.JPG
772,https://en.pimg.jp/070/395/546/1/70395546.jpg
773,https://i.pinimg.com/564x/40/f7/b5/40f7b5ab0beb38a3150d05db99e98c7e.jpg
774,http://www.echogreentown.com/img/room04/3.jpg
775,https://ggwinner.img47.makeshop.info/web/upload/NNEditor/20180914/EC849CEB8F99ECA784ECBBA4ED94BCEB9EA9-5.JPG
776,http://cdn.home-designing.com/wp-content/uploads/2015/11/amazing-floor-to-ceiling-windows.jpg
777,https://i.pinimg.com/originals/e9/5f/98/e95f981d8a1b61e0afeb7430496a705a.jpg
778,http://www.echogreentown.com/img/room06/2.jpg
779,http://cdn.home-designing.com/wp-content/uploads/2020/12/green-coffee-table.jpg
780,https://i.pinimg.com/originals/e7/01/b2/e701b24a597d6df750745019c4739036.jpg
781,http://cdn.home-designing.com/wp-content/uploads/2014/08/indoor-garden-wall.jpg
782,https://i.pinimg.com/236x/69/f6/67/69f667f4873d01da119dd5ff3c18c169.jpg
783,http://cdn.home-designing.com/wp-content/uploads/2015/11/scandinavian-interior-floor-to-ceiling-windows.jpg
784,https://i.pinimg.com/236x/1d/d2/7f/1dd27f7f7fd39dae2dc92ccfdeaa20a5.jpg
785,http://cdn.home-designing.com/wp-content/uploads/2015/11/natural-kitchen-decor-inspiration.jpg
786,https://i.pinimg.com/236x/1a/5b/40/1a5b40eff0ad3dcbad7be3f9f904c732.jpg
787,http://cdn.home-designing.com/wp-content/uploads/2015/11/monolithic-interior-dividing-wall.jpg
788,https://i.pinimg.com/236x/bc/34/7a/bc347ac2dbc0dc2032589e516a61ffa0.jpg
789,http://cdn.home-designing.com/wp-content/uploads/2019/07/grey-and-white-kitchen-with-natural-wood-stools.jpg
790,https://i.pinimg.com/originals/0b/d5/c2/0bd5c218cee459a889713f9e5b10c658.jpg
791,http://cdn.home-designing.com/wp-content/uploads/2015/11/bright-industrial-modern-interior.jpg
792,https://i.pinimg.com/236x/ce/a4/c4/cea4c462fdbfd8b4337712ceececbf38--homedesign-the-natural.jpg
793,http://cdn.home-designing.com/wp-content/uploads/2015/11/light-wood-interior.jpg
794,https://i.pinimg.com/236x/07/c2/85/07c285d3db25eac1a83d6029aa89dd15.jpg
795,http://cdn.home-designing.com/wp-content/uploads/2015/11/artistic-interior-decorations.jpg
796,https://i.pinimg.com/236x/05/5b/c2/055bc20485d1a3b4e1a5c1adbd397e3f--modern-couch-modern-loft.jpg
797,http://cdn.home-designing.com/wp-content/uploads/2022/03/glass-vase.jpg
798,https://i.pinimg.com/236x/a9/c2/e0/a9c2e04fdc6c089e748d48687a244595--birch-branches-birch-tree-decor.jpg
799,http://cdn.home-designing.com/wp-content/uploads/2019/07/modern-interior-with-light-natural-wood-finishes.jpg
800,https://i.pinimg.com/236x/8f/54/a3/8f54a3859441ab98216922fa87579aa5--loft-living-rooms-living-spaces.jpg
801,https://i.pinimg.com/236x/72/a4/83/72a4834273a7da5f441d8f57478404ac.jpg
802,http://cdn.home-designing.com/wp-content/uploads/2015/11/dramatic-spiral-staircase-in-glass.jpg
803,https://i.pinimg.com/236x/60/2c/0e/602c0e360080ce34437b216893c31901.jpg
804,http://cdn.home-designing.com/wp-content/uploads/2015/11/double-aye-interior-design.jpg
805,https://i.pinimg.com/236x/61/d0/46/61d04608e660511057cb7e405372092d.jpg
806,http://cdn.home-designing.com/wp-content/uploads/2015/11/girih-screens-and-glass-walls.jpg
807,https://i.pinimg.com/236x/ae/08/56/ae08569b65626be055c73532480f46fe.jpg
808,https://i.pinimg.com/236x/78/30/e1/7830e1bf03cd6959e15963b566240a89--industrial-dining-rooms-loft-industrial.jpg
809,http://cdn.home-designing.com/wp-content/uploads/2014/11/beautiful-courtyard.jpeg
810,https://i.pinimg.com/236x/99/40/45/994045c2cd9412975129be3169aaa580.jpg
811,https://i.pinimg.com/236x/a8/a3/e1/a8a3e18b85353a1f36015313efe15f18--bank-berlin.jpg
812,https://i.pinimg.com/236x/c4/1b/7d/c41b7d69635c7bb685137cc52f13e702.jpg
813,https://i.pinimg.com/236x/f2/e5/b0/f2e5b0712012605336857114d4bfcbd9--banana-leaves-inside-out.jpg
814,https://i.pinimg.com/236x/bc/2d/41/bc2d41cc0d52b8f13bddad03c68b9e69--dining-bench-kitchen-dining.jpg
815,https://i.pinimg.com/236x/e3/fc/29/e3fc293cf14a94506a25f96bba04ad0d--minimalist-lifestyle-minimalist-interior.jpg
816,https://i.pinimg.com/736x/28/f1/9d/28f19d7721fb267e4c445fc267a0ca7e.jpg
817,https://i.pinimg.com/236x/02/ba/95/02ba951f32583cee7aef6664aeed8820.jpg
818,https://i.pinimg.com/564x/5b/ec/70/5bec70ddec7dbfe15f570eaeb789fa23.jpg
819,https://i.pinimg.com/236x/5d/e3/85/5de385186f8769edc9bc588ca45a5db0--antique-tables-wood-tables.jpg
820,https://i.pinimg.com/236x/e0/35/f5/e035f54edca47e7a26567f2638683735--natural-building-green-building.jpg
821,https://i.pinimg.com/736x/fa/dc/88/fadc888fc19c340ced849e99a7b7c2a3.jpg
822,https://i.pinimg.com/236x/40/89/bd/4089bd2940249718f7b2cd15e8cde0b9--wood-wood-wood-walls.jpg
823,https://i.pinimg.com/236x/37/5e/66/375e66e36d155b51569978bcb8691e45--for-the-home-living-spaces.jpg
824,https://i.pinimg.com/236x/9f/d8/f5/9fd8f52244f16c7af36b158e019562bc.jpg
825,https://i.pinimg.com/236x/c8/3d/1e/c83d1e9dfd4ff676e6802d11ddf23cd4.jpg
826,https://i.pinimg.com/236x/8b/1b/33/8b1b33a77e2cbba228269c5df1bc4a26--cabinets.jpg
827,https://i.pinimg.com/736x/ba/e1/9a/bae19af25d4eee24ce4ceab599318d35.jpg
828,https://i.pinimg.com/236x/08/38/b4/0838b4af6e237047eaf3904bdef61409--atelier-interior-warehouse-living.jpg
829,https://i.pinimg.com/236x/ee/fe/14/eefe14d91ad228af8fa2886b9bfb0ded--barn-houses-stone-fireplaces.jpg
830,https://i.pinimg.com/custom_covers/200x150/300685781310131163_1355045617.jpg
831,https://i.pinimg.com/236x/6c/58/97/6c58972e23e59d1d4234c52fdfaff08b.jpg
832,https://i.pinimg.com/236x/48/0e/43/480e438de176148125a3937d71158ec5--bamboo-blinds-with-curtains-sunroom-blinds.jpg
833,https://i.pinimg.com/236x/7d/34/32/7d34329a0af3bbda6373e3987e343220--cozy-living-rooms-black-couch-living-room.jpg
834,https://i.pinimg.com/236x/55/b0/c6/55b0c6dac937734a5bd6ea83b1eefa14.jpg
835,https://i.pinimg.com/236x/83/c2/dd/83c2ddfe010d08828600270bb3e05229--industrial-home-design-decor-industrial.jpg
836,https://i.pinimg.com/custom_covers/200x150/248401804386201049_1374963594.jpg
837,https://i.pinimg.com/736x/2b/30/c7/2b30c7036bd3911c392b38e5f987dd9a.jpg
838,https://i.pinimg.com/236x/e1/1c/ab/e11cab96231551abce8893a519629a3a.jpg
839,https://i.pinimg.com/550x/93/6f/19/936f19ebc7c2b57ee11e95a0d5027e2e.jpg
840,https://i.pinimg.com/236x/80/e0/10/80e010f27752c369bae16001515fe152--mad-men-hollywood-homes.jpg
841,https://i.pinimg.com/236x/e0/2a/52/e02a525ec3c68cedf515eb0c7ba9da86.jpg
842,https://i.pinimg.com/236x/a1/1e/aa/a11eaa1b02ca384c9622a06465859372--rustic-living-rooms-modern-living.jpg
843,https://i.pinimg.com/236x/29/f7/ef/29f7ef96bb7ffed4fa58cfc97d4a38f9--rustic-stools-outdoor-stools.jpg
844,https://i.pinimg.com/236x/a6/78/e2/a678e23c51d2f77fc290ff52a5cbf1ba--bedroom-ideas-bedroom-decorating-ideas.jpg
845,https://i.pinimg.com/236x/6e/ab/6a/6eab6a7063f8d13aa15106240b52e63b.jpg
846,https://i.pinimg.com/736x/72/06/c2/7206c234339f99778c983a11badc9715.jpg
847,https://i.pinimg.com/236x/28/7e/9d/287e9d47976a0d65b678777f73629cbf.jpg
848,https://i.pinimg.com/474x/96/c9/58/96c958a1304128cafdec1971b5f54681.jpg
849,https://i.pinimg.com/236x/5b/6d/fc/5b6dfc64b105e23cfee639678f359fc1--indoor-waterfall-the-waterfall.jpg
850,https://i.pinimg.com/236x/43/9f/d4/439fd41aa12ec5a504fc80a65a72065f--wood-benches-faux-fur.jpg
851,https://i.pinimg.com/236x/54/eb/18/54eb1839dc2cbe55f64612c88452ac03--west-elm-bedding-west-elm-bedroom.jpg
852,https://i.pinimg.com/236x/f3/f4/e3/f3f4e37a79494a2095a9a6a38d15b157--the-sand-mcdonald.jpg
853,https://i.pinimg.com/originals/95/ae/a5/95aea5915a7f40fe73b2dc6309d2d50d.jpg
854,https://i.pinimg.com/236x/55/1e/19/551e1947227f35877c2e6b6744f59cd0--island-bench-contemporary-kitchens.jpg
855,https://i.pinimg.com/236x/f0/64/82/f06482fbd21d915d0302a43b24d5f188.jpg
856,https://i.pinimg.com/236x/17/c2/e3/17c2e3107a656974a270ae87ae0a01ab--corner-fireplaces-the-fireplace.jpg
857,https://i.pinimg.com/236x/23/03/b6/2303b657674f1327d0587cddc1d3c2fc--log-decor-decor-ideas-home.jpg
858,https://i.pinimg.com/236x/f9/6f/98/f96f981f022938a2914b0d0efee78008--sea-dream-beach-bedrooms.jpg
859,https://i.pinimg.com/236x/8c/55/e1/8c55e168fd0fcb41fed76c9963e0f4f0--future-house-my-house.jpg
860,https://i.pinimg.com/236x/d3/9d/cd/d39dcd308a0e77835b2b2dd30aa80a26--design-consultant-canes.jpg
861,https://i.pinimg.com/236x/f2/bb/9c/f2bb9c6dd2279918584c475233f43784--wood-staircase-wooden-stairs.jpg
862,https://i.pinimg.com/originals/da/7c/ed/da7ced67d48c4bc3aece3cea05f05df5.jpg
863,https://i.pinimg.com/236x/ff/a7/e7/ffa7e772875c8068e02475edea4fd209.jpg
864,https://i.pinimg.com/236x/0e/6f/f2/0e6ff2ddebe90f109bec970805f33181.jpg
865,https://i.pinimg.com/736x/10/0a/68/100a686da97a9bc3f9de2dd06260d68b.jpg
866,https://i.pinimg.com/originals/7c/cc/8e/7ccc8efb48fe65e9ae5fcfbd90004ee0.png
867,https://i.pinimg.com/236x/89/09/af/8909af14b2e46b23572f9d2013f66700.jpg
868,https://i.pinimg.com/736x/f0/39/4f/f0394fa030f734e8e118b025390f6e73.jpg
869,https://i.pinimg.com/736x/a5/67/a8/a567a8835adc50286dc3c3eee8982d12.jpg
870,https://i.pinimg.com/236x/09/0f/a8/090fa8253aa19900cb5baa15be1209b2.jpg
871,https://i.pinimg.com/236x/64/4f/7e/644f7e469fb02b720be878ce2c60e637.jpg
872,https://i.pinimg.com/236x/39/65/12/3965124099ce5da326d333304ad08c85.jpg
873,https://i.pinimg.com/736x/e1/d9/d9/e1d9d9b893f1cd069c99c76312e64005.jpg
874,https://i.pinimg.com/236x/57/a1/b2/57a1b2356d1ff858f03a68da3d8a9af9--loft-bathroom-bathroom-cement.jpg
875,https://i.pinimg.com/736x/59/bc/60/59bc60d9c702d4ae4e8d594257499ef4.jpg
876,https://i.pinimg.com/originals/a5/c9/7d/a5c97d4922183725525bb91ad51937bc.jpg
877,https://i.pinimg.com/236x/a6/ce/c6/a6cec6110500b23b52262ca405805339.jpg
878,https://i.pinimg.com/originals/9f/f6/0a/9ff60af207689c76acdd32b2a2edc977.png
879,https://i.pinimg.com/236x/02/e5/2e/02e52e7898f4af47d0eea2b85aa66efc--tranquil-bedroom-forest-mural.jpg
880,https://i.pinimg.com/favicons/6721612b4ce6210a09ecf7034950c51d301eae1b8152b6de2cdc64e4.png?3a518286edbc6e283db0b52f50868da5
881,https://i.pinimg.com/236x/4d/cb/4c/4dcb4c79197f1d8a6daaa1716b654733--wall-murals-bedroom-bedroom-wallpaper.jpg
882,https://i.pinimg.com/736x/f8/61/42/f86142b6860d17f01124c38da4396d5d.jpg
