0,https://miro.medium.com/max/669/1*8hloace_783n4NsIUHRHkg.jpeg
1,https://i.pinimg.com/originals/e9/0e/06/e90e060e0bab1ad77cd5890dce37ad28.jpg
2,https://www.architectureartdesigns.com/wp-content/uploads/2019/02/5-4-e1550427567750.jpg
3,https://www.pufikhomes.com/wp-content/uploads/2017/03/stil-provanse-v-dizayner-interiera-pufikhomes-1.jpg
4,https://cdn.w600.comps.canstockphoto.com/provence-interior-picture_csp9558901.jpg
5,https://lorenzio.net/wp-content/uploads/2018/07/1-1.jpg
6,https://lookaside.fbsbx.com/lookaside/crawler/media/?media_id=720555735008901
7,https://www.hellolovelystudio.com/wp-content/uploads/2019/01/SOR-13JH-Isle-6.jpg
8,https://bestdesignideas.com/wp-content/uploads/2015/03/Provence-Style-Interior-design-Bedroom-980x632.jpg
9,https://i.pinimg.com/236x/3e/6c/41/3e6c4181f8e3147fdcc03b2044344ce9.jpg
10,https://www.pufikhomes.com/wp-content/uploads/2018/03/stil-provanse-v-dizayner-interiera-pufikhomes-32.jpg
11,https://www.hellolovelystudio.com/wp-content/uploads/2019/01/SOR-13JH-Isle-2.jpg
12,https://handmadebase.com/wp-content/uploads/data/8-6.jpg
13,https://cdn.interiordesign.io/wp-content/uploads/formidable/5/2ge-3a.jpg?strip=all&lossy=1&quality=80&ssl=1
14,"https://media.houseandgarden.co.uk/photos/618938fef4c358180440aaef/3:4/w_960,h_1280,c_limit/LeColombier_FR-0022-house-25jul17-richard-powers_b.jpg"
15,https://cdn.mos.cms.futurecdn.net/kAj2TEsFoKEvqGMyD5VCTf.jpg
16,https://media.architecturaldigest.com/photos/5f47dc3ae73e57ccfed6777f/master/w_1600%2Cc_limit/MorganPalunPhotographe-AD-23.jpg
17,https://www.sblonginteriors.com/wp-content/uploads/2021/06/Provence-Style.jpg
18,https://www.architectureartdesigns.com/wp-content/uploads/2019/02/15-4.jpg
19,https://en.pimg.jp/011/040/349/1/11040349.jpg
20,https://www.theresident.co.uk/resource/blob/8866188/3ab8740df6578de62d97f8444c391a23/stepping-into-angie-pinkney-s-3625e207-data.jpg
21,https://www.theglampad.com/wp-content/uploads/2021/06/vendome_provence_Le-Mas-des-Poiriers-13-09-20_1459-1-800x531.jpg
22,https://cs11.livemaster.ru/storage/topicavatar/600x450/8b/dd/1de4ceca3605a75d7627e8ef4c71608b390159.jpg?h=s7sIW5NvGqY7QfpS3UoJ4g
23,http://www.e-vesti.ru/wp-content/uploads/2017/03/20170322-stilprov-e54b6ad0.jpg
24,https://chezaro.com/wp-content/uploads/2018/09/provans-v-interiere-3.jpg
25,https://cdn.w600.comps.canstockphoto.com/interior-in-provence-style-stock-illustration_csp57304180.jpg
26,https://i.pinimg.com/474x/19/15/54/1915540bef10767da42d623862b85c5c.jpg
27,https://mir-s3-cdn-cf.behance.net/project_modules/max_1200/76312776603115.5c6e9e7db05f9.jpg
28,https://i.ytimg.com/vi/aYKI0FnVaBs/maxresdefault.jpg
29,https://cdn.virily.com/wp-content/uploads/2017/08/Tips-for-the-Provence-interior-design-style.jpg
30,https://www.pufikhomes.com/wp-content/uploads/2018/03/stil-provanse-v-dizayner-interiera-pufikhomes-13.jpg
31,https://img1.goodfon.com/wallpaper/nbig/8/a3/interior-provans-style-design.jpg
32,https://lookaside.fbsbx.com/lookaside/crawler/media/?media_id=458960339569320
33,https://st.hzcdn.com/simgs/pictures/family-rooms/theme-of-provence-interior-design-of-apartments-on-cote-d-azur-ng-studio-interior-design-sanremo-img~a4519f6005360ec0_4-4260-1-754fd9b.jpg
34,https://m.media-amazon.com/images/I/51N+ZeAKH5L.jpg
35,https://mir-s3-cdn-cf.behance.net/project_modules/max_1200/5c441a22130301.5630d1c3774b8.jpg
36,https://thumbs.dreamstime.com/z/interior-kitchen-living-room-provence-style-white-furniture-116109746.jpg
37,https://images-wixmp-ed30a86b8c4ca887773594c2.wixmp.com/f/cf58cc27-bafd-4ca5-a3c1-94bff00f6049/d8hfiwe-9c789b68-5e66-4720-83b8-7d2e71430673.jpg?token=eyJ0eXAiOiJKV1QiLCJhbGciOiJIUzI1NiJ9.eyJzdWIiOiJ1cm46YXBwOjdlMGQxODg5ODIyNjQzNzNhNWYwZDQxNWVhMGQyNmUwIiwiaXNzIjoidXJuOmFwcDo3ZTBkMTg4OTgyMjY0MzczYTVmMGQ0MTVlYTBkMjZlMCIsIm9iaiI6W1t7InBhdGgiOiJcL2ZcL2NmNThjYzI3LWJhZmQtNGNhNS1hM2MxLTk0YmZmMDBmNjA0OVwvZDhoZml3ZS05Yzc4OWI2OC01ZTY2LTQ3MjAtODNiOC03ZDJlNzE0MzA2NzMuanBnIn1dXSwiYXVkIjpbInVybjpzZXJ2aWNlOmZpbGUuZG93bmxvYWQiXX0.sH4mdyZR33EentcUPNdpCljdZWDdRBQ6DOpOjpmljjs
38,https://media-cdn.tripadvisor.com/media/photo-s/06/9e/a9/fa/dom-restaurant.jpg
39,https://miro.medium.com/max/1200/1*k8OtFijP0DJhk5otavA_lA.jpeg
40,https://i0.wp.com/ancientsurfaces.org/wp-content/uploads/2016/08/rustic-interior-provence-style-6.jpg?ssl=1
41,https://www.architectureartdesigns.com/wp-content/uploads/2019/02/8-4-630x420.jpg
42,https://st.hzcdn.com/simgs/pictures/dining-rooms/theme-of-provence-interior-design-of-apartments-on-cote-d-azur-ng-studio-interior-design-sanremo-img~fb01196105360e37_4-8395-1-eaabf6a.jpg
43,http://www.sblonginteriors.com/wp-content/uploads/2019/05/s.-b.-long-interiors-interior-provence-style.jpg
44,http://ricci-concept.it/wp-content/uploads/2017/10/Provence-interior-design_1.jpg
45,https://c8.alamy.com/comp/C64BXX/interior-of-the-mas-de-la-pyramide-a-troglodyte-farmhouse-house-or-C64BXX.jpg
46,https://st4.depositphotos.com/4011529/39148/i/450/depositphotos_391488144-stock-photo-provence-style-kitchen-interior.jpg
47,https://media.istockphoto.com/photos/provence-interior-picture-id153881762
48,https://www.pufikhomes.com/wp-content/uploads/2018/03/stil-provanse-v-dizayner-interiera-pufikhomes-31.jpg
49,https://c8.alamy.com/comp/C545DC/interior-of-a-french-houselourmarin-luberonprovencefrance-C545DC.jpg
50,https://www.digsdigs.com/photos/2015/05/49-adorable-and-romantic-provence-living-rooms-cover.jpg
51,"https://media.houseandgarden.co.uk/photos/618938fef4c358180440aaef/16:9/w_2580,c_limit/LeColombier_FR-0022-house-25jul17-richard-powers_b.jpg"
52,https://home-design.com.cy/wp-content/uploads/2011/07/DSC06081-512x287.jpg
53,https://cdn.virily.com/wp-content/uploads/2018/01/Provence-Style-Living-room-Design-Ideas-980x639.jpg
54,https://cdn.w600.comps.canstockphoto.com/provence-interior-stock-images_csp9558905.jpg
55,https://i.pinimg.com/originals/d0/f3/5e/d0f35ec5dd9dfc06122782a569314c94.jpg
56,https://thumbs.dreamstime.com/z/interior-bedroom-provence-style-green-interior-bedroom-provence-style-green-white-furniture-116108697.jpg
57,https://en.pimg.jp/050/806/726/1/50806726.jpg
58,https://as1.ftcdn.net/v2/jpg/00/54/54/12/1000_F_54541277_62hpDSoWWyYrIbiQYXNbPEpoUxwmIqAE.jpg
59,https://www.robertkime.com/storage/uploads/images/1592665615-the-luberon-france-banner.jpg
60,https://www.theglampad.com/wp-content/uploads/2021/06/vendome_provence_Le-Mas-des-Poiriers-10-09-20_0168-800x519.jpg
61,https://img4.goodfon.com/wallpaper/nbig/1/6c/stil-provans-villa-gostinaia-interer.jpg
62,https://prointerior.info/wp-content/uploads/provence_26.jpg
63,https://mir-s3-cdn-cf.behance.net/project_modules/fs/870b8876603115.5c6e9e7d9953f.jpg
64,https://www.myluxuryproducts.com/file/image/w800/h800/fit276545i0ad9c8ded2ad8735ca6.jpg
65,https://as2.ftcdn.net/v2/jpg/03/54/72/01/1000_F_354720191_0v99RHA0UGD4S5402VPca173vLRu47hu.jpg
66,https://cdna.artstation.com/p/assets/images/images/002/560/526/large/pavel-leonchik-45f.jpg?1463095190
67,https://lorenzio.net/wp-content/uploads/2018/07/c83c1e8ed8e63dcea8e8a58298452edd.jpg
68,https://i.ytimg.com/vi/OJy26c2y0nk/maxresdefault.jpg
69,http://imagescdn.gettyimagesbank.com/500/19/661/729/0/1159999338.jpg
70,https://miro.medium.com/max/1100/1*CYTcSGhGU8fP_Y4fM__ORg.jpeg
71,https://www.quattrois.ch/wp-content/uploads/2019/05/interior_design_styling_quattro_kylie_grimwood_villa_provence_living_area_to_dining-1363x910.jpg
72,https://www.digsdigs.com/photos/2015/04/28-absolutely-charming-provence-bathroom-decor-ideas-cover.jpg
73,https://i0.wp.com/ancientsurfaces.org/wp-content/uploads/2016/08/p11_a40-un-mas-provencal-en-pierre.jpg?ssl=1
74,https://image.shutterstock.com/image-illustration/provence-interior-sofa-large-window-260nw-331274708.jpg
75,https://www.architectureartdesigns.com/wp-content/uploads/2019/02/11-3-630x420.jpg
76,https://www.hometality.com/wp-content/uploads/2020/10/Les-Moutons-A-traditional-Provence-farmhouse-in-France-1.png
77,https://images.squarespace-cdn.com/content/v1/53ceda3de4b0146f693f5757/1521472953840-PKKGW8VB5LLH9YP4Q8GS/Outdoor+patio+in+Provence%2C+France+home
78,https://mebel-7ja.ua/files/uploads/mebel-v-stile-provans.jpg
79,https://chezaro.com/wp-content/uploads/2018/09/provans-v-interiere-4.x15701.jpg
80,http://bestdesignideas.com/wp-content/uploads/2015/04/Apartment-interior-design-in-the-Provence-style-Living-room.jpg
81,https://media.gettyimages.com/photos/provencal-holiday-house-picture-id533463834?s=612x612
82,https://en.pimg.jp/050/806/700/1/50806700.jpg
83,http://maisondeprovence.com/wp-content/uploads/2017/04/MAISON-DE-PROVENCE-INTERIOR-VIEW-FRONT-ROOM.jpg
84,http://www.alexisulrichdesign.com/showcase_designs/provence/images/provence_m1_picture_4.jpg
85,https://cdn.shopify.com/s/files/1/0464/2785/products/westmoreland_Provence_Interior_Oil_on_Canvas_22x28_900.jpg?v=1553869716
86,https://live.staticflickr.com/8167/7550238624_bd8e5c4a1f_b.jpg
87,https://nsdgroup.com.ua/wp-content/uploads/2020/04/provence-style-design-ideas.jpg
88,http://cdn.home-designing.com/wp-content/uploads/2015/05/pretty-apartment.jpg
89,https://i.pinimg.com/originals/63/d3/8e/63d38ed9a96f97f516c664dcee127662.jpg
90,https://c8.alamy.com/comp/2C3J52W/provence-style-in-interior-of-the-house-3d-rendering-2C3J52W.jpg
91,https://st.hzcdn.com/simgs/pictures/dining-rooms/theme-of-provence-interior-design-of-apartments-on-cote-d-azur-ng-studio-interior-design-sanremo-img~2f41e05b05360e0e_4-0912-1-d4f685a.jpg
92,https://cdnb.artstation.com/p/assets/images/images/002/560/523/large/pavel-leonchik-49f.jpg?1463095178
93,https://img.freepik.com/premium-photo/delicate-interior-with-large-barrel-daisies-decorative-staircase-interior-apartment-style-provence-shabby-chic-provencal-style-interior-bedroom-rustic_149112-475.jpg?w=2000
94,https://miro.medium.com/max/1400/1*GcBq7WSa0y9qZ51RuxT6dw.jpeg
95,http://imagescdn.gettyimagesbank.com/500/15/576/582/0/479561370.jpg
96,https://media.istockphoto.com/photos/rocking-chair-next-to-bed-with-blanket-in-provencal-bedroom-interior-picture-id1032600100?k=20&m=1032600100&s=612x612&w=0&h=dQVuvo446f_eUF8TFPBORwNXuXUQxpqqN2D68lAMbrs=
97,http://thefrenchprovincialfurniture.com/wp-content/uploads/2013/09/French-Styled-Interiors-dreamvintagedesigns.blog_-500x380.jpg
98,https://deavita.net/wp-content/uploads/2021/02/romantic-bathroom-ideas-Provencal-style-decor.jpg
99,https://deavita.net/wp-content/uploads/2021/02/romantic-bathroom-ideas-Provencal-style-decor.jpg
100,https://deavita.net/wp-content/uploads/2021/02/romantic-bathroom-ideas-Provencal-style-decor.jpg
101,http://homeklondike.site/wp-content/uploads/2017/03/2-3-Provence-style-kitchen-interior-design-white-cabinets-geometrical-pattern-floor-tiles-dining-set-bentwood-chairs-bench-recessed-stripy-white-and-blue-wallpaper-glass-cabinets-track-lights-metal-pendant-lamp.jpg
102,https://www.pufikhomes.com/wp-content/uploads/2018/03/stil-provanse-v-dizayner-interiera-pufikhomes-35.jpg
103,https://www.architectes-interieur-aix-en-provence.com/static/8192db3e1e174145e6f53bcefaba34d6/d8255/architecture-interieur-appartement.jpg
104,https://media.gettyimages.com/photos/renovated-french-country-estate-picture-id532884458?s=612x612
105,https://images.squarespace-cdn.com/content/v1/53c71197e4b0db5fbd4fa87e/1456101699790-9I6F4BLA19HCDRLEFX8H/ROSE+%26+IVY+Journal+Inspiring+Interiors+Aix+En+Provence?format=1000w
106,http://decoratw.com/wp-content/uploads/2020/02/Provence-style-bedroom-5.jpg
107,https://st4.depositphotos.com/2851435/37944/i/1600/depositphotos_379449426-stock-photo-kitchen-interior-design-dining-table.jpg
108,https://img.freepik.com/premium-photo/interior-provence-style-bedroom_295714-1027.jpg
109,https://images.squarespace-cdn.com/content/v1/5c2e6d4db10598bd61628126/1546572499663-D1LMR9B6T0P7Z64IL37U/14+Library+After.jpg?format=1500w
110,http://homeklondike.site/wp-content/uploads/2016/12/2-orange-white-green-color-floral-pattern-russian-provence-attic-floor-interior-design-tiled-chimney-latex-digital-printing-on-walls-and-ceiling-blue-sofa-stripy-curtains.jpg
111,https://www.busyboo.com/wp-content/uploads/mill-restoration-provence-8.jpg
112,https://t3.ftcdn.net/jpg/03/25/87/70/360_F_325877083_HspN3DM1xZGT42GwzA2E5Ze24JhsiMtq.jpg
113,https://img1.goodfon.com/wallpaper/nbig/6/e9/stil-provans-interer-gostinaia.jpg
114,http://decoholic.org/wp-content/uploads/2015/04/Classic-Provence-Style-House-in-Sweden-20.jpg
115,http://www.sblonginteriors.com/wp-content/uploads/2021/06/Gingham-Interior-Design-1.jpg
116,https://live.staticflickr.com/8021/7542692054_d9799b70d5_b.jpg
117,https://a.1stdibscdn.com/provence-interiors-hardcover-book-for-sale/1121189/f_200454921596182033890/20045492_master.jpg
118,https://thumbs.dreamstime.com/z/spacious-luxury-modern-beige-kitchen-provence-style-luxury-modern-beige-white-kitchen-interior-159783603.jpg
119,https://www.myluxuryproducts.com/file/image/w800/h800/fit276621i0ad9c8dd70c1105614a.jpg
120,http://cdn.home-designing.com/wp-content/uploads/2015/05/wooden-dining-chairs.jpg
121,https://mykaleidoscope.ru/en/uploads/posts/2022-09/1663344658_2-mykaleidoscope-ru-p-interior-interer-vkontakte-3.jpg
122,https://tulupdecor.com/resources/photos/ee/provencal-style-living-room_502_l.jpg
123,https://chezaro.com/wp-content/uploads/2018/09/provans-v-interiere-6.x15701.jpg
124,https://img.freepik.com/premium-photo/bedroom-with-sofa-bed-table-by-window-provence-style-interior-with-white-furniture-blue-walls-3d-rendering_295714-5286.jpg
125,https://image.shutterstock.com/image-illustration/provence-interior-green-comsole-3d-260nw-1941480862.jpg
126,https://crafteurope.files.wordpress.com/2017/06/rustic-country-kitchens-08.jpg?w=625&h=500&crop=1
127,https://images.squarespace-cdn.com/content/v1/5c2e6d4db10598bd61628126/1546546997588-1MRHCW2NMLY9FLTYAL5M/12+Library+After.jpg?format=1500w
128,https://biid.org.uk/sites/default/files/Villa_Living_Area_0.jpg
129,https://t1.daumcdn.net/cfile/blog/2111854D5375AD2B05
130,https://www.robertkime.com/storage/uploads/images/1592560820-provence-france-thumb04.jpg
131,http://decoratw.com/wp-content/uploads/2020/01/Provence-style-11.jpg
132,https://1.bp.blogspot.com/-0tjbuOz6KdU/YP21p9KwglI/AAAAAAAACtA/tnAmVN8WrEA8LdHm23YtJwMm7hBNMtxRQCLcBGAsYHQ/s653/IMG_20210726_020342.jpg
133,https://i.ytimg.com/vi/8sgBZsChm4E/maxresdefault.jpg
134,https://www.pufikhomes.com/wp-content/uploads/2018/03/stil-provanse-v-dizayner-interiera-pufikhomes-14.jpg
135,https://grassfire.org/wp-content/uploads/2017/09/Kitchen-provence-728x582.jpg
136,https://lorenzio.net/wp-content/uploads/2018/07/kvartira-v-stile-provance12.jpg
137,https://miro.medium.com/max/1090/1*aN73qZy2-PfDoDn8HfClcQ.jpeg
138,http://cdn.shopify.com/s/files/1/0372/9188/4679/products/taschen_books_livinginprovence_2_1024x.jpg?v=1595581798
139,https://www.digsdigs.com/photos/2017/04/01-This-Provence-styled-townhouse-was-designed-for-a-large-family-with-four-children-775x517.jpg
140,https://cdn.w600.comps.canstockphoto.com/interior-in-provence-style-stock-illustrations_csp57304176.jpg
141,https://cdn.chimpify.net/5e8b5c84a85872c71c8b4585/2021/10/Blogpost-2021_10_19-Interior-Design-2.png
142,https://www.hellolovelystudio.com/wp-content/uploads/2019/01/SOR-13JH-Isle-3.jpg
143,https://www.theglampad.com/wp-content/uploads/2021/06/vendome_provence_Le-Mas-des-Poiriers-14-09-20_1791-800x519.jpg
144,http://happyvalentinesday2020.online/pics/positivefox.com/wp-content/uploads/2017/08/2.-Provence-Living-Room-Interior-Design-22.jpg
145,https://images.fineartamerica.com/images/artworkimages/mediumlarge/3/provence-interior-room-portrait-37-watercolor-painting-mona-edulesco.jpg
146,https://homeklondike.site/wp-content/uploads/2017/03/1-1-Provence-style-interior-lounge-living-room-design-white-walls-floral-pattern-two-sofas-faux-fireplace-flowers-chandelier-green-accents-pale-yellow-wallpaper-block-parquetry-purple-curtains-work-desk-paneling.jpg
147,https://thumbs.dreamstime.com/z/interior-kitchen-living-room-provence-style-white-furniture-interior-kitchen-living-room-provence-style-116109612.jpg
148,https://previews.agefotostock.com/previewimage/medibigoff/6ff3eb4b992bca752ea18e697d308a8a/esy-049591551.jpg
149,https://media02.stockfood.com/largepreviews/MzQ1MjMyNzA5/11136539-Interior-in-restored-country-house-with-soot-blackened-fireplace-and-delicate-French-metal-furniture-against.jpg
150,https://c8.alamy.com/comp/2B15XMN/provence-style-kitchen-interior-2B15XMN.jpg
151,https://img.freepik.com/premium-photo/contemporary-classic-kitchen-interior-designed-provence-style_97070-1841.jpg
152,https://sahandfilm.com/images/studiya_v_stile_provans_21.jpg
153,https://media.istockphoto.com/photos/kitchen-at-home-with-white-modern-interior-and-cream-colour-picture-id1280034591?k=20&m=1280034591&s=612x612&w=0&h=twygB8P7D6nXvPHVLJ-dC8p7qy-jlRDOP_3O6nf9mAM=
154,https://st4.depositphotos.com/4011529/39148/i/450/depositphotos_391488186-stock-photo-provence-style-kitchen-interior.jpg
155,https://stylesourcebook-images.s3.ap-southeast-2.amazonaws.com/2120520/4530.jpg
156,https://m.media-amazon.com/images/I/51E15S36N2L._AC_SY780_.jpg
157,https://tulupdecor.com/resources/photos/a6/living-room-provence-style_500_l.jpg
158,https://www.architectureartdesigns.com/wp-content/uploads/2019/02/14-4.jpg
159,http://cdn.home-designing.com/wp-content/uploads/2015/05/two-story-apartment-300x250.jpg
160,https://image.shutterstock.com/image-illustration/traditional-classic-modern-provence-rustic-260nw-634881878.jpg
161,https://en.pimg.jp/050/806/767/1/50806767.jpg
162,http://www.sblonginteriors.com/wp-content/uploads/2017/09/12-2017-04-27-13.08.09-HDR.jpg
163,https://www.robertkime.com/storage/uploads/images/1592560748-provence-france-banner.jpg
164,https://st.hzcdn.com/simgs/pictures/living-rooms/theme-of-provence-interior-design-of-apartments-on-cote-d-azur-ng-studio-interior-design-sanremo-img~5fb1110b05360e77_4-9962-1-0af32af.jpg
165,https://i.pinimg.com/236x/51/e8/3d/51e83d920f54f8feb52a2f0aa9a7997a.jpg
166,https://mir-s3-cdn-cf.behance.net/project_modules/max_1200/5e3a5376603115.5c6e9e7d89f6f.jpg
167,https://image.aladin.co.kr/product/10497/4/cover500/2080203282_2.jpg
168,https://previews.123rf.com/images/kotkoa/kotkoa1606/kotkoa160600053/58788286-blooming-lavender-pot-of-lavender-provence-interior.jpg
169,https://live.staticflickr.com/7110/7542739570_921cf7e77f_b.jpg
170,https://media.gettyimages.com/photos/provencal-barn-renovation-picture-id532841560?s=612x612
171,https://i.etsystatic.com/12339823/r/il/ffac1c/3870560276/il_fullxfull.3870560276_b8cf.jpg
172,https://park-zodchy.com/images/Imagge03.jpg
173,https://lorenzio.net/wp-content/uploads/2018/07/Depositphotos_3685232_l.jpg
174,https://st4.depositphotos.com/16229314/21938/v/1600/depositphotos_219385550-stock-illustration-living-room-interior-vector-provence.jpg
175,https://www.theglampad.com/wp-content/uploads/2021/06/vendome_provence_10-09-20_0197_drk.jpg
176,https://img.freepik.com/premium-photo/provence-rustic-style-shabby-white-chic-bedroom-interior-country-house-lavender-vase-barrel-daisies-forged-white-bed-village-house-interior-items-provence-high-key_149112-472.jpg?w=2000
177,https://c8.alamy.com/comp/GR2NRA/interior-french-house-living-room-luberon-provence-france-GR2NRA.jpg
178,https://chezaro.com/wp-content/uploads/2018/09/provans-v-interiere-5.x15701.jpg
179,https://media.istockphoto.com/photos/table-with-mirror-and-flowers-in-provence-style-picture-id615726272?k=20&m=615726272&s=612x612&w=0&h=7TDBCQByALcA8IA_jc5w3L_x--Y_IoYW3sTLmpfXotk=
180,https://www.hellolovelystudio.com/wp-content/uploads/2019/04/haven-in-provence-villa-16.jpg
181,https://i.gr-assets.com/images/S/compressed.photo.goodreads.com/books/1394428439l/21224659.jpg
182,https://homeklondike.site/wp-content/uploads/2017/01/6-Provence-style-bedroom-interior-design-pastel-beige-ceiling-beams-chandelier-dark-wooden-bed.jpg
183,http://imagescdn.gettyimagesbank.com/500/20/466/477/0/1204586712.jpg
184,https://www.remodelista.com/ezoimgfmt/media.remodelista.com/wp-content/uploads/2017/10/maison-collongue-provence-interior-staircase-733x486.png?ezimgfmt=rs:392x260/rscb4
185,http://theartoftheroom.com/wp-content/uploads/2013/07/Van-Day-Truex-3-Version-2.jpg
186,https://www.pufikhomes.com/wp-content/uploads/2018/03/stil-provanse-v-dizayner-interiera-pufikhomes-23.jpg
187,https://justsofrench.com/wp-content/uploads/2015/03/Screen-Shot-2015-03-07-at-4.30.15-PM.png
188,http://4.bp.blogspot.com/-rsSQ63SqFno/UtI5x0lqaWI/AAAAAAAAPX8/BeR7dANIdic/s1600/Provence-style-interior-design-ideas-2.jpg
189,https://64.media.tumblr.com/5557e97a9f1ae0084d99286e9c2cf0cc/tumblr_nz58mvy2je1ugzybeo1_1280.jpg
190,https://as2.ftcdn.net/v2/jpg/00/53/92/19/1000_F_53921968_b4WX0JoPEZH9F5zhoKRiNXvIihwnrLjJ.jpg
191,https://d2gg9evh47fn9z.cloudfront.net/1600px_COLOURBOX19456231.jpg
192,https://mykaleidoscope.ru/en/uploads/posts/2022-09/1663442809_12-mykaleidoscope-ru-p-provence-in-the-apartment-interer-krasivo-15.jpg
193,https://thegreataddress.com/wp-content/uploads/2021/04/garden-terrace.jpg
194,https://quintessenceblog.com/wp-content/w3-webp/uploads/2011/01/new-inside-500x500.jpgw3.webp
195,https://st4.depositphotos.com/4011529/39148/i/450/depositphotos_391488234-stock-photo-provence-style-kitchen-interior.jpg
196,https://cosmetius.com/en/wp-content/themes/main/plugins/timthumb.php@src=http_3A_2F_2Fmydizajn.ru_2Fwp-content_2Fuploads_2F2016_2F10_2FThe-kitchen-in-the-style-of-Provence-photo-09.jpg&w=200&h=150&zc=1
197,https://hips.hearstapps.com/hmg-prod/images/edc090117catroux03-1604941387.jpg?resize=320:*
198,http://www.sblonginteriors.com/wp-content/uploads/2021/06/Dining-Room-Provence-France-889x1333.jpg
199,https://deavita.net/wp-content/uploads/2021/02/Provence-bathroom-designs-furniture-and-decor-ideas.jpg
200,https://mir-s3-cdn-cf.behance.net/project_modules/max_1200/ad17bd64498713.5ad4bc8c42236.jpg
201,https://interior.decoratex.biz/img-srv01/052018/img_post/post_783_25259.jpg
202,https://images.thdstatic.com/productImages/3b07b18b-1ddb-4501-a236-89c922115fff/svn/provence-blue-behr-marquee-paint-colors-745401-77_600.jpg
203,https://www.lushome.com/wp-content/uploads/2014/05/modern-kitchen-design-provencal-style-4.jpg
204,http://samdizajner.ru/wp-content/uploads/provans_v_interjere-15.jpg
205,https://media-cdn.tripadvisor.com/media/photo-p/1a/57/49/81/provence-interior.jpg
206,https://www.quattrois.ch/wp-content/uploads/2019/05/interior_design_styling_quattro_kylie_grimwood_villa_provence_thru_to_bedroom-1363x910.jpg
207,https://www.huntlancer.com/wp-content/uploads/2020/06/Mohammed-Yasir-Rreading-Area-Decor-on-Huntlancer.jpg
208,https://p.turbosquid.com/ts-thumb/0U/UogwfH/YWsQol7i/2/jpg/1480613730/600x600/fit_q87/fa44e0e9876f6146e9173fd7b51b75ee21cbe7be/2.jpg
209,https://www.createursdinterieurs.com/static/0d1c3eda97788ee6b96f5be1db228f06/d8255/decoration-interieur-appartement.jpg
210,https://www.architectureartdesigns.com/wp-content/uploads/2019/02/4-4-630x420.jpg
211,https://res.cloudinary.com/rustica/image/upload/v1600630653/BARND%20DOOR%20RESIZING/DOUBLE%20INTERIOR%20METAL%20DOORS/Provence_Interior_Double_Door.jpg
212,https://b4.3ddd.ru/media/gallery_images/5cac90ed9fb6d.jpeg
213,https://img.wikioo.org/ADC/Art.nsf/O/9DGVNG/$File/Frederic+Lix-Interior+Of+A+Farmhouse+In+Provence.JPG
214,https://i.pinimg.com/originals/4b/8d/dd/4b8dddb085549eef2e082a67ffc1d0f3.png
215,https://sdg-migration-id.s3.amazonaws.com/Interior_Design-Breadblok-Chloe_Charlier-Santa_Monica-Gluten_Free_Bakery-Commune-Custom_Design-6-scaled.jpg
216,https://cgifurniture.com/wp-content/uploads/2021/03/interior-design-styles-french-county-scaled.jpg
217,https://media.gettyimages.com/photos/provencal-holiday-house-picture-id533463826?s=612x612
218,https://i.etsystatic.com/18930299/r/il/f06bd7/3963132333/il_fullxfull.3963132333_5q7g.jpg
219,https://hips.hearstapps.com/ame-prod-redonline-assets.s3.amazonaws.com/main/thumbs/19271/provence-style-kitchen-red-online.jpg?resize=480:*
220,https://miro.medium.com/max/1200/1*5X44D_UKR0Wka7je8eQVHQ.jpeg
221,https://st.hzcdn.com/fimgs/pictures/dining-rooms/theme-of-provence-interior-design-of-apartments-on-cote-d-azur-ng-studio-interior-design-sanremo-img~fb01196105360e37_8395-1-eaabf6a-w320-h320-b1-p10.jpg
222,http://www.onlyprovence.com/salesblog/wp-content/gallery/pastorale/thumbs/thumbs_15.jpg
223,http://imagescdn.gettyimagesbank.com/500/18/057/490/0/1071051842.jpg
224,https://lorenzio.net/wp-content/uploads/2018/07/h_original.jpg
225,https://img.freepik.com/premium-photo/beige-contemporary-classic-kitchen-interior-designed-provence-style_97070-1842.jpg?w=2000
226,https://cdm0lfbn.cloudimg.io/v7/_images_base_/image_uploader/photos/b9/original/le-formal-restaurant-aix-en-provence-interior-aix-en-provence.jpg?p=large
227,http://homeklondike.site/wp-content/uploads/2016/12/4-orange-white-green-color-floral-pattern-russian-provence-attic-floor-interior-design-latex-digital-printing-on-walls-and-ceiling-blue-sofa-stripy-curtains-skylights-old-chest.jpg
228,https://archello.com/thumbs/images/2016/06/06/NGSTUDIO-Interior-design-Beauleu-sur-mer-1.1506081081.4669.jpg?fit=crop&w=414&h=518
229,https://interiorcrisp.com/wp-content/uploads/2020/04/visite-priv%C3%A9e-chez-designer-en-Provence-Interior-Crisp-blog-25-1000x713.jpg
230,https://mblogthumb-phinf.pstatic.net/MjAxNzA1MTlfMjA2/MDAxNDk1MTgwNTI0NTEw.qqK5A4VmCDaEZfCk5aUPZkRND44-2hklQfIOxtceQ-Ig.aa416rEd8s4Kt5AN5EA5kbjI5G1sL4zFy2E43wnR9uIg.JPEG.provenceid/%EB%A9%94%EC%9D%B8-%EC%B9%A8%EC%8B%A4-%EC%88%98%EB%AA%A9%ED%86%A0-01.jpg?type=w800
231,https://img5.goodfon.com/wallpaper/nbig/1/a7/interer-stil-provans-komnata-stolovaia.jpg
232,https://en.pimg.jp/050/806/784/1/50806784.jpg
233,"https://hips.hearstapps.com/hmg-prod/images/edc090117catroux04-1604942534.jpg?crop=1.00xw:0.752xh;0,0.171xh&resize=640:*"
234,https://castrolighting.com/uploads/photos/gallery/New_Ambiances/Castro_Lighting_Provence_Interior_Design_Style_Hallway_Casablanca_Suspension_Crystal_Chandelier_Art_Deco_Flusso_Dining_Table_web.jpg
235,https://imgc.allpostersimages.com/img/posters/provence-interior-ii_u-L-F8IVGW0.jpg?artHeight=550&artLifeStyle=67&artWidth=550&background=ffffff
236,https://www.theluberon.com/wp-content/uploads/2020/05/mas-bonnieux-villa-provence-19-1024x683.jpg
237,https://hips.hearstapps.com/ame-prod-redonline-assets.s3.amazonaws.com/main/thumbs/19271/provence-table-flowers-red-online.jpg?resize=480:*
238,https://www.theglampad.com/wp-content/uploads/2021/06/vendome_provence_12-09-20_1118-800x519.jpg
239,https://t3.ftcdn.net/jpg/03/85/07/52/360_F_385075210_PehsaPu4a2NaxfX5nvxnJvBPRzhNTfMi.jpg
240,https://www.provenceholidays.com/thumbnailsw/villa_images/1e38a539760d9fd6f923fdb8038f5324c5f7b36b-1920x0.jpg
241,https://nsdgroup.com.ua/wp-content/uploads/2022/05/1602828296_50-p-stil-provans-v-interere-zagorodnogo-doma-66.jpg
242,https://c8.alamy.com/comp/2B15XR0/provence-style-kitchen-interior-2B15XR0.jpg
243,https://www.myluxuryproducts.com/file/image/w800/h800/fit276504i0ad9c8d3a389ef3ae42.jpg
244,https://magazine.lecollectionist.com/hubfs/Imported_Blog_Media/sigala-ok--1024x695-2.jpg
245,"https://static.wixstatic.com/media/3424d3_0e1e66e20fa14115ad0903962dafac7d~mv2.jpg/v1/fill/w_560,h_328,al_c,q_80,usm_0.66_1.00_0.01,enc_auto/Deb1.jpg"
246,https://images.squarespace-cdn.com/content/v1/56b0c710fd5d08f88adcd53b/1454889272407-3VVSQXV1UGRV6KTUX6SW/vosges_0010.jpg
247,https://e3f5r4c7.rocketcdn.me/wp-content/uploads/2018/11/4372-ESTUFA-GAS-PORTATIL-PROVENCE-DE-FIRESIDE.jpg
248,https://pictures.abebooks.com/inventory/md/md19265801009.jpg
249,https://image.shutterstock.com/image-illustration/interior-sketch-apartment-design-provence-260nw-1220703322.jpg
250,https://www.huntlancer.com/wp-content/uploads/2020/06/Denis-Svirid-Provence-Style-Apartment.jpg
251,https://mir-s3-cdn-cf.behance.net/project_modules/max_1200/9e7e3f64498713.5ad4bc8c42d8d.jpg
252,http://1.bp.blogspot.com/-7gVlBkC2YPo/Tut_PVtWSGI/AAAAAAAADGM/SnZyQJJ4TMU/w1200-h630-p-k-no-nu/Picture%2B6.jpg
253,https://d2gg9evh47fn9z.cloudfront.net/800px_COLOURBOX19456224.jpg
254,https://www.architectureartdesigns.com/wp-content/uploads/2019/02/2-7-630x449.jpg
255,https://deavita.net/wp-content/uploads/2021/02/vintage-furniture-vanity-cabinet-Provence-style-interior-ideas.jpg
256,https://i.shelterness.com/french-interior-design-33-500x563.jpg
257,https://www.quattrois.ch/wp-content/uploads/2019/05/interior_design_styling_quattro_kylie_grimwood_villa_provence_living_area-1363x910.jpg
258,https://st4.depositphotos.com/4011529/39148/i/450/depositphotos_391488218-stock-photo-provence-style-kitchen-interior.jpg
259,"https://images.homify.com/c_fill,f_auto,h_240,q_auto,w_320/v1440000101/p/photo/image/556645/Interior_design_of_a_Villa_on_Italian_Riviera_by_NG-Studio_-_05.jpg"
260,https://i.ytimg.com/vi/J_0B1hRZ3TI/maxresdefault.jpg
261,https://www.remodelista.com/ezoimgfmt/media.remodelista.com/wp-content/uploads/2017/07/outsided-lampshade-les-baux-de-provence-lslarchitects-katrin-vierkant-733x977.jpg?ezimgfmt=rs:392x522/rscb4
262,http://decoratw.com/wp-content/uploads/2020/02/Provence-style-living-room-15.jpg
263,https://i.pinimg.com/474x/51/7f/87/517f876718bf9c69f05cc996aa0e687c.jpg
264,https://www.homebunch.com/wp-content/uploads/11.1332775787.jpg
265,https://imgc.allpostersimages.com/img/posters/provence-interior-ii_u-L-F8IVGW27S31X.jpg?artLifeStyle=63
266,https://houseandhome.com/wp-content/uploads/2017/07/3-provence-p-85.jpg
267,http://www.sblonginteriors.com/wp-content/uploads/2019/02/Sblonginteriors-Provence-Dining-Room-after.jpg
268,https://cdn1.vectorstock.com/i/1000x1000/30/70/bathroom-provence-vintage-style-interior-vector-22273070.jpg
269,https://www.hellolovelystudio.com/wp-content/uploads/2019/04/haven-in-provence-villa-6.jpg
270,https://media.gettyimages.com/photos/artists-house-in-provence-france-picture-id532881548?s=612x612
271,"https://i.gr-assets.com/images/S/compressed.photo.goodreads.com/books/1394428439i/21224659._UY630_SR1200,630_.jpg"
272,http://www.onlyprovence.com/salesblog/wp-content/gallery/pastorale/thumbs/thumbs_11.jpg
273,https://harrison.serpcom.com/pen/wp-content/uploads/sites/16/2022/07/provence-slider.jpg
274,https://lorenzio.net/wp-content/uploads/2018/07/modnye-prihozhie-v-stile-provans-8.jpg
275,https://miro.medium.com/max/1400/1*F-qBG2TmGd97Hv5WslKVUw.jpeg
276,https://www.jodystewartphotography.com/wp-content/uploads/2021/03/Jody-Stewart-Interiors-4-1024x683.jpeg
277,https://tulupdecor.com/resources/photos/d9/provencal-style-decorations_501_l.jpg
278,https://a.1stdibscdn.com/trade/TRADE_PROJECT/1548896370_c63ed/Alexander_CA-138.jpg
279,https://www.vangoghstudio.com/Files/6/102000/102147/FileBrowser/paintings/harvest-in-provence-interior.jpg
280,https://images.thdstatic.com/productImages/7ed09a80-aa60-4f1e-9c06-125007636ac8/svn/provence-creme-behr-premium-plus-paint-colors-55804-64_300.jpg
281,https://thegreataddress.com/wp-content/uploads/2021/04/lounge-1.jpg
282,https://chezaro.com/wp-content/uploads/2018/09/provans-v-interiere-2.x15701.jpg
283,https://mblogthumb-phinf.pstatic.net/MjAxNzAzMjBfMTgw/MDAxNDg5OTkzMzU2NDEy.A5MiMn-vW3r9yCq6Pwi8OXNQtywOVaeykMLY7OBog3Ag.2MnpjB2gGkQe69-ZsLTTS4bZzp_67z6LaOFEQ-s_Rsog.JPEG.provenceid/%EB%A9%94%EC%9D%B8%EC%BB%B7-1.jpg?type=w800
284,https://st.hzcdn.com/simgs/pictures/dining-rooms/theme-of-provence-interior-design-of-apartments-on-cote-d-azur-ng-studio-interior-design-sanremo-img~2e5163dc05360e4e_4-8395-1-386a4b1.jpg
285,https://cdn.shopify.com/s/files/1/0189/1946/products/image_c9fdb2d3-706f-472b-b59d-8ce77b177297.jpg?v=1586779317
286,https://static.seetheworld.com/image_uploader/photos/9d/original/l-estagnol-restaurant-saint-remy-de-provence-interior.jpg
287,https://img.restaurantguru.com/ce62-Cafe-Kavarna-Provence-interior.jpg
288,https://modernity.ams3.cdn.digitaloceanspaces.com/2016/11/PYbedroom-1024x681.jpg
289,https://cdn1.bigcommerce.com/server1200/vt2kb/products/542/images/153235/apiwwhk1a__82830.1582617152.1280.1280.jpg?c=2
290,https://media-cdn.tripadvisor.com/media/photo-p/1a/57/49/79/provence-interior.jpg
291,https://www.homebunch.com/wp-content/uploads/georgianadesign.jpg
292,https://cdna.artstation.com/p/assets/images/images/035/778/470/large/ksenia-b-.jpg?1615883151
293,https://homeklondike.site/wp-content/uploads/2017/01/2-Provence-style-bedroom-interior-design-flowers-floral-pattern-motives-colonial-bed-tall-legs-vintage-furniture-ceiling-beams.jpg
294,https://cf.bstatic.com/xdata/images/hotel/max1024x768/367964056.jpg?k=6941d5af6dcdcad5554e65c017808f4c20f8d69fcd502d03baab876331c83ca8&o=&hp=1
295,https://static.vecteezy.com/system/resources/previews/006/333/882/non_2x/farmhouse-wavy-rope-stripe-pattern-provence-linen-shabby-chic-style-hand-drawn-rustic-nautical-texture-background-interior-wallpaper-summer-home-decoration-striped-textile-allover-print-vector.jpg
296,https://images-cdn.bridgemanimages.com/api/1.0/image/600wm.XIR.282860.7055475/65103.jpg
297,https://previews.123rf.com/images/alenkasm/alenkasm1707/alenkasm170700091/81880010-shabby-chic-interior-decor-for-farmhouse-lavender-in-pitcher-books-and-blank-photo-frame-on-a-vintag.jpg
298,"https://res.cloudinary.com/rustica/image/upload/c_fit,w_800,h_1200/v1655311795/ALL%20DOORS%20FUNCTIONS%20%2B%20SUPPORT/PROVENCE/INTERIOR%20SINGLE/SUPPORT_2.jpg"
299,"https://res.cloudinary.com/rustica/image/upload/c_fit,w_800,h_1200/v1655311795/ALL%20DOORS%20FUNCTIONS%20%2B%20SUPPORT/PROVENCE/INTERIOR%20SINGLE/SUPPORT_2.jpg"
300,"https://res.cloudinary.com/rustica/image/upload/c_fit,w_800,h_1200/v1655311795/ALL%20DOORS%20FUNCTIONS%20%2B%20SUPPORT/PROVENCE/INTERIOR%20SINGLE/SUPPORT_2.jpg"
301,https://img.freepik.com/premium-photo/bedroom-with-sofa-bed-table-by-window-provence-style-interior-with-white-furniture-blue-walls-3d-rendering_295714-5289.jpg?w=2000
302,https://en.pimg.jp/049/628/844/1/49628844.jpg
303,https://www.pufikhomes.com/wp-content/uploads/2018/03/stil-provanse-v-dizayner-interiera-pufikhomes-4.jpg
304,https://assets.bwbx.io/images/users/iqjWHBFdfxIU/iOu198lecNEE/v1/1200x-1.jpg
305,https://pictures.abebooks.com/isbn/9783822834763-us-300.jpg
306,https://images.barewalls.com/comp/art-print-poster/bwc75362341/luxury-modern-provence-styled-grey-pink-and-cream-kitchen-interior.jpg?ph=&pw=&print_border=&fit=&flip=&stretch_to_fit=&print_colorfilter=&bits=&side_style=&units=in&frame_id=&frame_type=&show_banner=false&artist_attr_name=false&artist_attr_show=false&artist_attr_title=false&artist_attr_format=&artist_attr_font=&artist_attr_size=&custom_x_pct=&custom_y_pct=&custom_w_pct=&custom_h_pct=&bleed_size=&is_custom=false&can_edit_frame=true&object_width=10.0&object_height=8.0&fit_select=False&internal_sku=
307,https://images-na.ssl-images-amazon.com/images/S/compressed.photo.goodreads.com/books/1562485200l/51076461.jpg
308,https://images.squarespace-cdn.com/content/v1/62149501469fa227b8d87980/1649087813994-QJRKRS1XWEPLFLP7STTB/Le%2BMas%2BDe%2BLa%2BRose%2B2.jpeg
309,https://st4.depositphotos.com/2760050/37890/i/950/depositphotos_378907112-stock-photo-woman-with-dreamy-face-waits.jpg?forcejpeg=true
310,https://www.decorhomeideas.com/wp-content/uploads/2019/07/Aparment-Interior-Design-Provence-In-Paris.jpg?ezimgfmt=rs:0x0/rscb37/ngcb37/notWebP
311,https://www.architectureartdesigns.com/wp-content/uploads/2019/02/13-4.jpg
312,http://media.istockphoto.com/photos/interior-of-typical-house-in-provence-picture-id172177541
313,https://aix-en-provence.love-spots.com/wp-content/uploads/sites/4/2022/07/Savons-et-chiffons_Droguerie-responsable_Aix-en-Provence_Love-Spots_09-570x370.jpg
314,http://cdn.home-designing.com/wp-content/uploads/2015/05/sunny-living-room.jpg
315,https://www.hellolovelystudio.com/wp-content/uploads/2019/01/IMG_0250.jpg
316,https://www.baumaniere.com/wp-content/uploads/HO%CC%82TEL-ROMANTIQUE-EN-PROVENCE--1024x450.jpg
317,https://www.digsdigs.com/photos/2015/04/an-exquisite-Provence-bedroom-with-tan-cabinets-a-grey-bed-with-a-refined-design-floral-textiles-a-loveseat-with-pillows-and-lamps.jpg
318,http://2.bp.blogspot.com/_zKxPGUHTSO4/St4E6l97GmI/AAAAAAAAGuU/UT_d_hJaYY4/S660/header+inspiracoinline.jpg
319,https://c8.alamy.com/comp/2CEEND5/young-woman-at-luxury-classic-white-kitchen-interior-in-provence-style-2CEEND5.jpg
320,https://st3.depositphotos.com/1301843/31926/i/1600/depositphotos_319264108-stock-photo-luxury-modern-provence-styled-grey.jpg
321,https://render.fineartamerica.com/images/rendered/square-product/small/images/artworkimages/mediumlarge/3/provence-interior-room-portrait-37-watercolor-painting-mona-edulesco.jpg
322,https://deavita.net/wp-content/uploads/2021/02/Provence-bathroom-decor-ideas-simplicity-and-naturalness-in-the-interior.jpg
323,https://media.cntraveller.com/photos/611be8034e09f53b437325c3/master/w_320%2Cc_limit/kitchen-at-villa-syrah-provence-france-conde-nast-traveller-25sept17-matthieu-salvaing.jpg
324,https://www.authenticinterior.com/wp-content/uploads/2020/07/Raw-Luxury-Meets-Authenticity-In-This-Hotel-Interior-In-Provence_authentic-interior-21.jpg
325,https://cdn.hommes.studio/wp-content/uploads/French-Interior-Design-Tips-To-Decorate-Your-Home-3.jpg?strip=all&lossy=1&quality=92&webp=92&avif=60&w=1029&ssl=1
326,https://content.knightfrank.com/property/rsi012037977/images/e2510d20-6947-4ef5-ad2e-f9407f6e1d61-0.jpg?cio=true&w=1200
327,https://cdn.virily.com/wp-content/uploads/2018/07/Provence-interior-design-bedroom-721x450.jpg
328,https://images.milledcdn.com/2020-08-30/BTnWSYZXlWddkwSA/0tZ7cuNQFmOV.jpeg
329,https://i.pinimg.com/736x/f2/3f/16/f23f164c99311faea2d6af6225a13803.jpg
330,https://lorenzio.net/wp-content/uploads/2018/07/s1200-2.jpg
331,https://cf.bstatic.com/xdata/images/hotel/max1024x768/346525911.jpg?k=619934f388d14d0e178004dbcbf1db7f77ed7c602d7b9a3d088ed48c98a3ba1e&o=&hp=1
332,https://st.hzcdn.com/fimgs/pictures/dining-rooms/theme-of-provence-interior-design-of-apartments-on-cote-d-azur-ng-studio-interior-design-sanremo-img~2f41e05b05360e0e_0912-1-d4f685a-w320-h320-b1-p10.jpg
333,https://img.restaurantguru.com/cf26-Provence-Bangkok-interior.jpg
334,https://i.etsystatic.com/26177863/r/il/892da7/4142448036/il_fullxfull.4142448036_6vve.jpg
335,https://interiorcrisp.com/wp-content/uploads/2019/07/visite-priv%C3%A9e-chez-designer-en-Provence-Interior-Crisp-blog-17-e1566464156488-532x800.jpg
336,https://foto.hrsstatic.com/fotos/0/2/1280/1280/100/FFFFFF/http%3A%2F%2Ffoto-origin.hrsstatic.com%2Ffoto%2F1%2F5%2F2%2F1%2F152188%2F152188_i_3875679.jpg/xM1e4y%2FQFGWqFysVCIDGSw%3D%3D/1024%2C684/6/De_Provence-Tarascon-Interior_view-19-152188.jpg
337,http://frenchstyleauthority.com/wp-content/uploads/2012/09/An-18th-century-house-in-Gignac-Vaucluse-Provence..jpg
338,"https://media.vogue.fr/photos/5d26fdabe6f1e9000889093c/master/w_6582,h_4388,c_limit/APR%20-%20Humbert%20&%20Poyet%20-%20UP%20(12).jpg"
339,https://static.seetheworld.com/image_uploader/photos/06/original/le-art-restaurant-aix-en-provence-interior.jpg
340,http://www.sblonginteriors.com/wp-content/uploads/2019/02/Sblonginteriors-Provence-Kitchen-after.jpg
341,"https://hips.hearstapps.com/hmg-prod.s3.amazonaws.com/images/provence-hotels-7-1649945343.jpeg?crop=1xw:0.9995119570522205xh;center,top&resize=480:*"
342,https://justsofrench.com/wp-content/uploads/2015/03/Screen-Shot-2015-03-07-at-4.30.15-PM-667x328.png
343,https://images-na.ssl-images-amazon.com/images/I/91WHq7NwRDL.jpg
344,https://imgc.allpostersimages.com/img/posters/provence-interior-ii_u-L-F8IVGW27PFA0.jpg?artLifeStyle=50
345,https://media-cdn.tripadvisor.com/media/photo-s/1a/57/49/75/provence-interior.jpg
346,https://cdn5.vectorstock.com/i/1000x1000/71/39/retro-kitchen-interior-provence-background-vector-22087139.jpg
347,https://www.authenticinterior.com/wp-content/uploads/2020/07/Raw-Luxury-Meets-Authenticity-In-This-Hotel-Interior-In-Provence_authentic-interior-10.jpg
348,https://d2gg9evh47fn9z.cloudfront.net/800px_COLOURBOX19456226.jpg
349,https://bevin.com.au/wp-content/uploads/Provence-interior-Unit-2-Dining-1.png
350,https://images.cm.archant.co.uk/resource/responsive-image/8885516/article-body-image-landscape/xs/1/get-provencal-interior-style-a-62ebaf5f.jpg
351,https://media.cntraveller.com/photos/611be803a106ea5ed309a0e4/master/w_320%2Cc_limit/bathroom-at-villa-syrah-provence-france-conde-nast-traveller-25sept17-matthieu-salvaing.jpg
352,http://decor24online.com/wp-content/uploads/2020/05/imgonline-com-ua-Mirror-2SPyCnxL4dyRmUH.jpg
353,https://www.theglampad.com/wp-content/uploads/2021/06/Provence-Style-Decorating-with-French-Country-Flair-Shauna-Varvel-800x1013.jpg
354,https://img.freepik.com/premium-photo/shabby-chic-style-decoration-with-vintage-books-and-lavender-interior-decor-for-farmhouse-lavender-in-pitcher-books-provence-home-decoration_85672-2107.jpg
355,https://homeklondike.site/wp-content/uploads/2017/03/2-4-Provence-style-kitchen-interior-design-white-cabinets-geometrical-pattern-floor-tiles-dining-set-bentwood-chairs-bench-recesses-stripy-white-and-blue-wallpaper-lace-tablecloth-track-lights-metal-pendant-lamp.jpg
356,https://vickiarcher.com/wp-content/uploads/2013/01/Inspiration-1-PicMonkey-Collage.jpg
357,https://mykaleidoscope.ru/en/uploads/posts/2022-09/thumbs/1663347500_30-mykaleidoscope-ru-p-provence-interer-krasivo-30.jpg
358,https://i0.wp.com/shades-of-provence.com/wp-content/uploads/2022/09/156919.jpg?resize=324%2C324&ssl=1
359,https://www.tamaragruner.com/wp-content/uploads/2019/11/chateau-martinay-provence-summer-wedding-10.jpg
360,"https://foto.hrsstatic.com/fotos/0/3/545/350/80/000000/http%3A%2F%2Ffoto-origin.hrsstatic.com%2Ffoto%2F7%2F5%2F6%2F1%2F756109%2F756109_z30_18961155.jpg/nBk4GdunNbrRvzbv8UZxjA%3D%3D/350,252/6/Baumaniere_Les_Baux_de_Provence-Les_Baux-de-Provence-Standardzimmer-28-756109.jpg"
361,https://mir-s3-cdn-cf.behance.net/project_modules/max_1200/86394291550483.5e346c13710e4.jpg
362,https://images-cdn.bridgemanimages.com/api/1.0/image/600wm.XIR.182860.7055475/65102.jpg
363,https://www.pufikhomes.com/wp-content/uploads/2018/03/stil-provanse-v-dizayner-interiera-pufikhomes-11.jpg
364,https://as2.ftcdn.net/v2/jpg/00/55/48/49/1000_F_55484990_TRLygEwpjEEnY4VewNzfZWRb41PjlxO5.jpg
365,https://bevin.com.au/wp-content/uploads/Provence-interior-Unit-1-Dining.png
366,http://imagescdn.gettyimagesbank.com/500/18/305/462/0/954782742.jpg
367,https://mblogthumb-phinf.pstatic.net/MjAxNzA1MTlfNCAg/MDAxNDk1MTgyOTQ3NjE3.A1JX6XiMoEUc59502OLcYtjtSPWPluxtOuyoH9X4WnMg.zSftNzKTTX05DvCawnMcEWyoXr1Fpn09xZAAd9NwaPMg.JPEG.provenceid/12.jpg?type=w800
368,https://foto.hrsstatic.com/fotos/0/2/1280/1280/100/FFFFFF/http%3A%2F%2Ffoto-origin.hrsstatic.com%2Ffoto%2F1%2F5%2F2%2F1%2F152188%2F152188_i_3874912.jpg/FjdOq1X3jzyaGQhRBjvgFw%3D%3D/1024%2C684/6/De_Provence-Tarascon-Interior_view-19-152188.jpg
369,https://img.freepik.com/premium-photo/bedroom-with-sofa-bed-table-by-window-provence-style-interior-with-white-furniture-blue-walls-3d-rendering_295714-5299.jpg
370,"https://media.architecturaldigest.com/photos/56abbe353c15bf382564f806/master/w_2189,h_2823,c_limit/Fekkai_VonWulffen_Aix_17.jpg"
371,"https://images.homify.com/c_fill,f_auto,h_240,q_auto,w_320/v1440000100/p/photo/image/556643/Interior_design_of_a_Villa_on_Italian_Riviera_by_NG-Studio_-_03.jpg"
372,https://thumbs.worthpoint.com/zoom/images4/1/0108/06/1912-french-line-ss-france-la-provence-savoie_1_4078cbed7b01639ba2311091d338b5cc.jpg
373,https://edenluxuryhomes.com/images/gallery/271/show/villa-luxe-location-provence-cavalerie__2_.jpg
374,https://miro.medium.com/max/1244/1*LhispcQcSiM5a3O-tUNXKA.png
375,https://cf.bstatic.com/images/hotel/max1280x900/325/325561103.jpg
376,https://www.architectureartdesigns.com/wp-content/uploads/2019/02/7-4-630x420.jpg
377,https://www.aleou.fr/images/etablissements/15279/moy/marriottrenaissanceaixenprovenceinterieur.jpg
378,https://cdn.shopify.com/s/files/1/1868/2841/files/Burgon_and_Ball_Provence_indoor_pots_large_and_small_grey_-_lifestyle_flipped_480x480.jpg?v=1648812254
379,https://1.bp.blogspot.com/-7gs8Ldxisx0/YPtUYoR28yI/AAAAAAAACd8/d90J7wEub9E1cv466-VYl3B8zsG5QfiPQCLcBGAsYHQ/s441/IMG_20210724_064312.jpg
380,https://images.squarespace-cdn.com/content/v1/58487dc4b8a79b6d02499b60/1617996727956-2V74PTJH0TNISM9ABXOE/Francis+York+Stone+Bastide21.jpg
381,https://p.turbosquid.com/ts-thumb/0U/UogwfH/9xW43XvX/2/jpg/1480613729/600x600/fit_q87/b21eb2b21bca7b4387861c1506cc3efbc5874403/2.jpg
382,https://www.digsdigs.com/photos/how-to-decorate-your-terrace-in-provence-style-1-554x707.jpg
383,https://p0.pikist.com/photos/66/824/provencal-decor-home-interior-french-culture-style-lifestyle-traditional-decorative-provence.jpg
384,https://images-na.ssl-images-amazon.com/images/I/51BlprNSZwL.SS700.jpg
385,https://www.drogeria-vmd.com/imagegen.php?autoimage=2100474
386,https://ak-d.tripcdn.com/images/1i62e2215ai4vuty99BEB.jpg?proc=source/trip
387,https://img5.goodfon.com/wallpaper/nbig/7/34/interer-stil-provans-komnata-vannaia.jpg
388,https://img.archiexpo.com/images_ae/photo-g/70811-11071985.jpg
389,https://s3-ap-southeast-1.amazonaws.com/atap-main/og/3a7734eb-1219-4005-b3c6-4980c04bb4f0/a-place-to-call-home.jpg
390,https://image.shutterstock.com/image-illustration/modern-light-interior-style-provence-260nw-350750360.jpg
391,https://www.domusweb.it/content/dam/domusweb/en/interiors/gallery/2020/06/30/una-fattoria-della-provenza-diventa-un-rifugio-dagli-interni-rigorosi/domus-studio-xm-000.jpg.foto.rmedium.png
392,https://monaghanlumber.com/wp-content/uploads/2016/09/KNOB00559.png
393,https://w7.pngwing.com/pngs/568/476/png-transparent-aix-en-provence-interior-design-services-landscape-architect-design-angle-furniture-interior-design-thumbnail.png
394,http://beenthereeatenthat.net/wp-content/uploads/2012/05/Bistro-Provence-Interior.jpg
395,https://cdn.onekindesign.com/wp-content/uploads/2011/07/Les-Cavaliers-02.jpg
396,https://images.thdstatic.com/productImages/317fb91b-763e-477b-ac17-74080a77f3ca/svn/provence-creme-behr-pro-paint-colors-pr31001-64_400.jpg
397,https://cdnb.artstation.com/p/assets/images/images/002/560/527/large/pavel-leonchik-46f.jpg?1463095195
398,https://st.hzcdn.com/simgs/pictures/home-offices/theme-of-provence-interior-design-of-apartments-on-cote-d-azur-ng-studio-interior-design-sanremo-img~6ab1fd3905360f9f_4-0385-1-ef3581d.jpg
399,https://www.wretmanestate.com/wp-content/uploads/2022/07/206561026462d7ca0a5db6b2.85482555_244df16ec7_1000.jpg
400,http://2.bp.blogspot.com/-LChwhSoj4rw/UtI7y8Zs1vI/AAAAAAAAPZE/vTd7Yx7TLYE/s1600/Provence-style-interior-light-white.jpg
401,https://img.restaurantguru.com/r3da-Le-Provence-interior-2021-09-2.jpg
402,https://cdn.shopify.com/s/files/1/1868/2841/products/GIG-PROVGRLG-Burgon-and-Ball-Provence-Grey-Large-08h_large.jpg?v=1659712718
403,https://i.pinimg.com/236x/e3/63/77/e3637791fc331cf1083986e3764551c6.jpg
404,https://thumb.zumst.com/400x250/http://static.news.zumst.com/images/2/2016/07/13/77a7123361204e788d22e521d5aaf550.jpg
405,https://modernity.ams3.cdn.digitaloceanspaces.com/2016/11/PYstool-678x1024.jpg
406,https://media-cdn.tripadvisor.com/media/photo-s/1a/57/49/6e/provence-interior.jpg
407,https://imgc.allpostersimages.com/img/posters/provence-interior-ii_u-L-F8IVGW27IIK0.jpg?artLifeStyle=66
408,https://www.authenticinterior.com/wp-content/uploads/2020/07/Raw-Luxury-Meets-Authenticity-In-This-Hotel-Interior-In-Provence_authentic-interior-pinterest.jpg
409,https://www.drogeria-vmd.com/imgcache/2/3/p2104510-46103-1-esprit-provence-interierova-vune-ruze-100ml_285_285_13657.jpg
410,https://c8.alamy.com/comp/R1RPYM/aix-en-provence-provence-alpes-cte-dazur-france-cathedral-of-the-holy-saviour-cathdrale-saint-sauveur-daix-en-provence-interior-R1RPYM.jpg
411,http://www.sblonginteriors.com/wp-content/uploads/2019/05/kitchen-in-provence.jpg
412,https://interiorcrisp.com/wp-content/uploads/2019/08/visite-priv%C3%A9e-chez-designer-en-Provence-Interior-Crisp-blog-23-1000x667.jpg
413,https://i.gr-assets.com/images/S/compressed.photo.goodreads.com/books/1545761969l/43354165._SX318_.jpg
414,https://lorenzio.net/wp-content/uploads/2018/07/provans-015jpg_original.jpg
415,https://img.archiexpo.com/images_ae/photo-mg/61133-6868265.jpg
416,https://previews.123rf.com/images/kotkoa/kotkoa1606/kotkoa160600057/58788290-%ED%9D%B0-%EB%B2%BD%EC%97%90-%ED%94%BC%EB%8A%94-%EB%9D%BC%EB%B2%A4%EB%8D%94-%EB%9D%BC%EB%B2%A4%EB%8D%94%EC%9D%98-%EA%BD%83%EB%8B%A4%EB%B0%9C%EC%9E%85%EB%8B%88%EB%8B%A4-%ED%94%84%EB%A1%9C%EB%B0%A9%EC%8A%A4-%EC%9D%B8%ED%85%8C%EB%A6%AC%EC%96%B4-.jpg
417,https://render.fineartamerica.com/images/rendered/small/greeting-card/images/artworkimages/medium/3/provence-interior-room-portrait-37-watercolor-painting-mona-edulesco.jpg?transparent=0&targetx=0&targety=-100&imagewidth=700&imageheight=700&modelwidth=700&modelheight=500&backgroundcolor=2B232C&orientation=0&producttype=greetingcard&imageid=26996047
418,https://images.squarespace-cdn.com/content/v1/51ffacc7e4b0987169fe91ae/1377781467503-7DO1YWVBWSDM1AR75NFY/webimages13.jpg
419,https://mir-s3-cdn-cf.behance.net/project_modules/max_1200/a97a5091550483.5e346c13740ce.jpg
420,https://www.idesignarch.com/wp-content/uploads/Provence-Luxury-Ocean-View-Estate-Hope-Ranch-Santa-Barbara_11.jpg
421,https://www.thehotelguru.com/_images/26/90/2690fe879ad30c8136b75e4b69365651/lalbiousse-s1180x560.jpg
422,https://www.trustile.com/sites/default/files/auth-french-country.jpg
423,https://www.aleou.fr/images/etablissements/2267/moy/pierre-et-vacances-pont-royal-en-provence-interieur.jpg
424,https://www.pufikhomes.com/wp-content/uploads/2018/03/stil-provanse-v-dizayner-interiera-pufikhomes-6.jpg
425,https://i.etsystatic.com/8656370/r/il/890729/3050698274/il_fullxfull.3050698274_1mr3.jpg
426,https://static.seetheworld.com/image_uploader/photos/08/original/jardin-mazarin-restaurant-aix-en-provence-interior-aix-en-provence-844.jpg
427,https://brabbu.com/blog/wp-content/uploads/2021/05/Julie-Hillman-Design-%E2%80%93-East-Hampton-Home-2.jpg
428,https://as2.ftcdn.net/v2/jpg/01/57/33/79/1000_F_157337916_TpM516ZY3yfqBUsJLp2heMH8yD3kSaTl.jpg
429,https://miro.medium.com/max/818/1*zCCLNmcGNF0gOTo943bb-g.jpeg
430,https://cs5.livemaster.ru/storage/5c/d9/395bb64809d8de0375c0536848cx--figurines-figurine-seahorse-on-stand-concrete-loft-decor-inte.jpg
431,http://imagescdn.gettyimagesbank.com/500/20/466/491/0/1204586179.jpg
432,http://homeklondike.site/wp-content/uploads/2016/12/7-orange-white-green-color-floral-pattern-russian-provence-attic-floor-interior-design-tiled-chimney-latex-digital-printing-on-walls-and-ceiling-blue-sofa-stripy-curtains-retro-chandelier.jpg
433,https://img.freepik.com/premium-photo/rustic-interior-with-ecological-furniture-provence-france_524824-1604.jpg
434,https://lookaside.fbsbx.com/lookaside/crawler/media/?media_id=5282381558494068
435,https://mblogthumb-phinf.pstatic.net/MjAxNzA4MDlfMjE1/MDAxNTAyMjUxNDY0ODMx.ak9PVn7p6ddClY_xuyhd5W2UtPcL4tpw9HanBqTHbZ4g.TIewTir2lMdRmnJjqIfhU3rXNu2vxhACylAE0AAVv-Ug.JPEG.provenceid/image_3030247821502251420899.jpg?type=w800
436,https://media.architecturaldigest.com/photos/56abbecf45b074d0749149ff/master/w_1600%2Cc_limit/Fekkai_VonWulffen_Aix_04.jpg
437,http://libraryranking.com/wp-content/uploads/2016/12/Aix-en-ProvenceStudentsSmall-500x500.jpg
438,https://sinchon.sbsart.com/gallery_img/SBS_portfolio(29).jpg
439,https://images.squarespace-cdn.com/content/v1/58487dc4b8a79b6d02499b60/1657735411784-JJLWLULQI81YPZCAVNB9/Francis+York+Luxury+Holiday+Rental+Set+in+the+Heart+of+a+Provencal+Wine+Estate+5.jpg
440,"https://images.homify.com/c_fill,f_auto,h_240,q_auto,w_320/v1440000101/p/photo/image/556642/Interior_design_of_a_Villa_on_Italian_Riviera_by_NG-Studio_-_02.jpg"
441,https://pictures.abebooks.com/isbn/9783822880623-uk-300.jpg
442,https://sdg-migration-id.s3.amazonaws.com/Interior_Design-Breadblok-Chloe_Charlier-Santa_Monica-Gluten_Free_Bakery-Commune-Custom_Design-9-scaled.jpg
443,https://www.huntlancer.com/wp-content/uploads/2020/06/Denis-Svirid-Provence-Style-Apartment-2.jpg
444,https://imgc.allpostersimages.com/img/print/suzanne-etienne-provence-interior-ii_u-l-f8ivgw0.jpg
445,https://i.ytimg.com/vi/T-3NPl4EADA/hqdefault.jpg?sqp=-oaymwEiCKgBEF5IWvKriqkDFQgBFQAAAAAYASUAAMhCPQCAokN4AQ==&rs=AOn4CLCFtFg_klrir-X2cyFrrE73iAX4jA
446,https://static.vecteezy.com/system/resources/previews/006/109/178/original/farmhouse-wavy-rope-stripe-pattern-provence-linen-shabby-chic-style-hand-drawn-rustic-nautical-texture-background-interior-wallpaper-summer-home-decoration-striped-textile-allover-print-vector.jpg
447,https://s30964.pcdn.co/introspective-magazine/wp-content/uploads/2019/09/hero-11-1400x700.jpg
448,https://images-na.ssl-images-amazon.com/images/I/517XXpl0TRL._SR600%2C315_PIWhiteStrip%2CBottomLeft%2C0%2C35_PIStarRatingFOURANDHALF%2CBottomLeft%2C360%2C-6_SR600%2C315_ZA62%2C445%2C290%2C400%2C400%2CAmazonEmberBold%2C12%2C4%2C0%2C0%2C5_SCLZZZZZZZ_FMpng_BG255%2C255%2C255.jpg
449,https://layjao.com/wp-content/uploads/2019/03/provence-interior-trouvais.jpg
450,https://bevin.com.au/wp-content/uploads/Provence-interior-Unit-1-Bedroom.png
451,https://cf.bstatic.com/xdata/images/hotel/max1024x768/389989919.jpg?k=227aa27d1a8ad8cc870fe74df3e06f1b58620050911c17488aa4962c18cf544b&o=&hp=1
452,https://cdna.artstation.com/p/assets/images/images/002/560/530/large/pavel-leonchik-48f.jpg?1463095202
453,https://10619-2.s.cdn12.com/c4/Restaurant-restaurant-Provence-interior.jpg
454,https://makingagreenlifebylily.com/wp-content/uploads/2022/07/Wood-Panel-Wall-4-1-683x1024.jpeg
455,https://media.gettyimages.com/photos/the-garcin-house-in-provence-france-picture-id532885190?s=612x612
456,https://www.hellolovelystudio.com/wp-content/uploads/2019/02/provence-villa-kitchen-yellow-modern-table-bench-3.jpg
457,https://images.thdstatic.com/productImages/c0b89941-54ed-4e2a-97d4-59a2c3c92090/svn/provence-creme-behr-premium-paint-colors-790004-64_300.jpg
458,https://hips.hearstapps.com/hmg-prod.s3.amazonaws.com/images/paint-palette1-1516296446.jpg
459,https://park-zodchy.com/images/Imagge02.jpg
460,https://i.pinimg.com/236x/41/df/15/41df150fb63a25e8aab2dbe643f3d3e4.jpg
461,https://media-cdn.tripadvisor.com/media/photo-s/1a/57/49/71/provence-interior.jpg
462,https://i.ebayimg.com/images/g/Z3YAAOSw86pfzTyk/s-l225.jpg
463,https://res.cloudinary.com/rustica/image/upload/v1615990422/EXTERIOR%20FRENCH%20DOORS/NEW%20EXTERIOR/provence-interior-double-door_r1.jpg
464,https://foto.hrsstatic.com/fotos/0/2/1280/1280/100/FFFFFF/http%3A%2F%2Ffoto-origin.hrsstatic.com%2Ffoto%2F1%2F5%2F2%2F1%2F152188%2F152188_i_3875002.jpg/WtYt%2FPZ47gYn2SfGYa8dRg%3D%3D/1024%2C684/6/De_Provence-Tarascon-Interior_view-19-152188.jpg
465,https://decoratex.biz/images/article/orig/2017/04/fartuk-na-kuhne-v-stile-provans-2.jpg
466,https://previews.123rf.com/images/kotkoa/kotkoa1606/kotkoa160600004/57683806-%EC%9D%B8%ED%85%8C%EB%A6%AC%EC%96%B4%EC%97%90-%EB%9D%BC%EB%B2%A4%EB%8D%94%EC%9E%85%EB%8B%88%EB%8B%A4-%ED%94%BC%EB%8A%94-%EB%9D%BC%EB%B2%A4%EB%8D%94-%ED%94%84%EB%A1%9C%EB%B0%A9%EC%8A%A4-%EC%9D%B8%ED%85%8C%EB%A6%AC%EC%96%B4-%ED%9D%B0-%EB%B2%BD%EC%97%90-%EB%9D%BC%EB%B2%A4%EB%8D%94%EC%9E%85%EB%8B%88%EB%8B%A4-.jpg
467,http://www.sblonginteriors.com/wp-content/uploads/2019/05/french-provence-interior-design-889x1333.jpg
468,https://www.pufikhomes.com/wp-content/uploads/2018/03/stil-provanse-v-dizayner-interiera-pufikhomes-22.jpg
469,https://ssmscdn.yp.ca/image/resize/c4f1da40-1316-44f2-a569-5e6968f76628/ypui-d-mp-pic-gal-lg/l-occitane-en-provence-2.jpg
470,https://perfectlyprovence.co/wp-content/uploads/2021/09/Mathieu-Museum-in-Gargas-788x350.jpg
471,https://www.homeinitaly.com/_cache/img_mgr/_data/catalog/villas/737/villa-durante-luxury-vacation-rentals-cortona-tuscany-13_960x600_gd_r7_h0_v0_t1_c000-000-000-255_q60.jpg
472,https://cdm0lfbn.cloudimg.io/v7/_images_base_/image_uploader/photos/5d/original/la-table-de-roussan-saint-remy-de-provence-interior.jpg?p=large
473,https://m.cbhomes.com/p/399/7124063/90018C625b034e3/pds23tp.jpeg
474,https://miro.medium.com/max/1400/1*tzIFeeK_jg2v-xhat8Mu3A.jpeg
475,https://mir-s3-cdn-cf.behance.net/project_modules/disp/92b18e21322045.562ff3b6e29df.jpg
476,https://www.french-antique-door.com/interior-doors/regency-period-double-doors-region-aix-en-provence/catalogues/ag_P120_-portes-doubles-style-regence-de-la-region-aixoise-.jpg
477,https://foter.com/photos/423/provence-2-piece-living-room-set-2.jpg
478,http://imagescdn.gettyimagesbank.com/500/18/305/453/0/954782782.jpg
479,http://cdn.home-designing.com/wp-content/uploads/2015/05/teal-and-wood-bedroom.jpg
480,https://www.theglampad.com/wp-content/uploads/2021/06/vendome_provence_Le-Mas-des-Poiriers-10-09-20_0055-800x533.jpg
481,https://render.fineartamerica.com/images/rendered/small/flat/weekender-tote-bag/images/artworkimages/medium/3/provence-interior-room-portrait-37-watercolor-painting-mona-edulesco.jpg?transparent=0&targetx=0&targety=-136&imagewidth=779&imageheight=779&modelwidth=779&modelheight=506&backgroundcolor=2B232C&orientation=0&producttype=totebagweekender-24-16-white&imageid=26996047
482,https://www.digsdigs.com/photos/amazing-wooden-coutry-house-design-1-554x368.jpg
483,https://sih.bky.ph/eyJidWNrZXQiOiJwaG9uZWJvb2t5Iiwia2V5IjoibGlzdGluZ3MvYXNzZXRzLzAwMC8wMTEvMTk3L29yaWdpbmFsL0JLWS1DTi1MYV9Qcm92ZW5jZS05NDU1LkpQRyIsImVkaXRzIjp7InJlc2l6ZSI6eyJ3aWR0aCI6MTgwLCJoZWlnaHQiOjE4MCwiZml0IjoiY292ZXIifX19
484,https://deavita.net/wp-content/uploads/2021/02/Provence-bathroom-decor-ideas-harmonious-interiors-with-a-romantic-flair.jpg
485,https://modo-phinf.pstatic.net/20180928_299/1538121345747ygKVn_PNG/mosasGgDww.png?type=w1100
486,http://st2.depositphotos.com/1000833/9113/i/450/depositphotos_91134026-home-decor-in-provence-style.jpg
487,https://mykaleidoscope.ru/en/uploads/posts/2022-09/1663421674_4-mykaleidoscope-ru-p-chic-bedroom-interer-oboi-4.jpg
488,https://ssmscdn.yp.ca/image/resize/23f095d0-6383-440d-b15d-23e53b57810b/ypui-d-mp-pic-gal-lg/l-occitane-en-provence-3.jpg
489,https://mblogthumb-phinf.pstatic.net/MjAxNzA0MjBfMjU4/MDAxNDkyNjg1Nzc4NTcy.SIJEjfIvgiKsjvQOUpYw8Q5nDM_KF2xXIpgzzDchIU4g.VeHkj4VRQX3FjtfWMdE-DfmkAWW9jt7ZG6WX49lUt_og.JPEG.provenceid/%EC%97%B4%EB%A7%A4%EB%A7%88%EC%9D%84-%EA%B1%B0%EC%8B%A4.jpg?type=w800
490,http://cdn.shopify.com/s/files/1/0700/8033/products/Kate_Spade_Cove_Street_Provence_Saffiano_Leather_Bag_Indigo_Blue_3_grande.jpg?v=1493827767
491,https://www.soyoyoo.com/wp-content/uploads/IMG_7255.jpg
492,https://cf.bstatic.com/images/hotel/840x460/387/387798524.jpg
493,https://cdn.shopify.com/s/files/1/1494/8676/products/unspecified_f1e2cfc7-ea0b-4613-bd24-7e7a3ee9af74_1024x1024.jpg?v=1585688279
494,https://cdna.artstation.com/p/assets/images/images/002/560/528/large/pavel-leonchik-47f.jpg?1463095199
495,https://cdn.imweb.me/upload/S20191125958414e1b5e2d/2653fa52a3839.jpg
496,https://foter.com/photos/406/annie-sloan-old-white-china-cabinet-with-provence-interior.jpg
497,https://img.restaurantguru.com/ca8a-Le-Riad-Aix-en-Provence-interior.jpg
498,https://images.squarespace-cdn.com/content/v1/58487dc4b8a79b6d02499b60/1652799638811-J0A08Y6YCURA9W4YOCYA/Francis+York+Luxury+Holiday+Rental+Near+Saint+Re%CC%81my+de+Provence+18.JPG
499,https://i.pinimg.com/236x/5c/e0/00/5ce0004fd5cd664b5f85924529247bb3.jpg
500,https://cf.bstatic.com/xdata/images/hotel/max1024x768/109506551.jpg?k=84df5b736095f5d447588a2a073b141e7d661f9ad97d1e983953e9d2577ada4a&o=&hp=1
501,https://park-zodchy.com/images/Imagge01.jpg
502,https://sih.bky.ph/eyJidWNrZXQiOiJwaG9uZWJvb2t5Iiwia2V5IjoibGlzdGluZ3MvYXNzZXRzLzAwMC8wMTEvMjA1L29yaWdpbmFsL0JLWS1DTi1MYV9Qcm92ZW5jZS05NDk3LkpQRyIsImVkaXRzIjp7InJlc2l6ZSI6eyJ3aWR0aCI6MTgwLCJoZWlnaHQiOjE4MCwiZml0IjoiY292ZXIifX19
503,https://retaildesigninstitute.org/wp-content/uploads/2019/05/loccitane-retail-design-store-of-the-year-competition-7.jpg
504,https://images.thdstatic.com/productImages/c6161143-7c6a-4513-b5c3-4f449cdcd9b7/svn/provence-blue-behr-ultra-paint-colors-375404-40_600.jpg
505,https://pictures.abebooks.com/inventory/md/md14939656438.jpg
506,https://www.architectureartdesigns.com/wp-content/uploads/2019/02/10-5-630x419.jpg
507,https://foto.hrsstatic.com/fotos/0/2/1280/1280/100/FFFFFF/http%3A%2F%2Ffoto-origin.hrsstatic.com%2Ffoto%2F1%2F5%2F2%2F1%2F152188%2F152188_i_3874999.jpg/fIywdjyX5aLmONWhoEhwtw%3D%3D/1024%2C1031/6/De_Provence-Tarascon-Interior_view-19-152188.jpg
508,https://decorexpro.com/images/article/cropped/337-253/2017/09/spalnya-v-stile-provans-97.jpg
509,https://www.turista.co.kr/files/content/1232/26bf9c78dbe62aee421b3120c553ec57.jpg
510,https://static.seetheworld.com/image_uploader/photos/3e/original/ze-bistro-restaurant-aix-en-provence-interior-aix-en-provence-626.jpg
511,https://a.1stdibscdn.com/provence-interiors-hardcover-book-for-sale-picture-4/f_9463/f_200454921596119745845/IMG_1669_master.JPG?width=768
512,https://as2.ftcdn.net/v2/jpg/02/79/09/65/1000_F_279096500_UjdOahI9hkTez8wiTp9IsTxO2Lg883vT.jpg
513,https://m.media-amazon.com/images/I/51E15S36N2L._SR600%2C315_PIWhiteStrip%2CBottomLeft%2C0%2C35_PIStarRatingFOURANDHALF%2CBottomLeft%2C360%2C-6_SR600%2C315_ZA22%2C445%2C290%2C400%2C400%2CAmazonEmberBold%2C12%2C4%2C0%2C0%2C5_SCLZZZZZZZ_FMpng_BG255%2C255%2C255.jpg
514,https://t1.daumcdn.net/cfile/blog/2552444853FB3B6F01
515,https://www.myluxuryproducts.com/file/image/w800/h800/fit276762i0ad9c8d673180c1c189.jpg
516,https://www.theglampad.com/wp-content/uploads/2021/06/vendome_provence_Le-Mas-des-Poiriers-11-09-20_0542-1-800x533.jpg
517,https://media.vingle.net/images/ca_l/5xqaqzm73q.jpg
518,https://bevin.com.au/wp-content/uploads/Provence-interior-Unit-1-Landing.png
519,https://www.aleou.fr/images/etablissements/2178/moy/citycentervieuxportmarseilleinterieur2.jpg
520,https://deavita.net/wp-content/uploads/2021/02/bathroom-remodel-ideas-Provence-style-interior-design.jpg
521,https://shop4.daumcdn.net/thumb/R500x500/?fname=http%3A%2F%2Fshop4.daumcdn.net%2Fshophow%2Fp%2FH10913422403.jpg%3Fut%3D20220602131359
522,https://i0.wp.com/shades-of-provence.com/wp-content/uploads/2022/03/IMG_20170717_151900917.jpg?resize=980%2C1742&ssl=1
523,https://images.france.fr/zeaejvyq9bhj/2SjVmzjR3q8wKS2tbirvnY/7f98f09221509cb6bb87208e46ad1417/optimized-ferme-thermal-eugenie-les-bains-accueil-spa-sante.jpg?w=550&h=550&q=70&fl=progressive&fit=fill
524,https://i.etsystatic.com/32124486/r/il/2d4a16/4108609211/il_fullxfull.4108609211_pe4s.jpg
525,https://www.remodelista.com/wp-content/uploads/2017/07/lsl-yellow-bedroom-france.jpg
526,http://st2.depositphotos.com/1070808/6531/i/450/depositphotos_65310839-Lobby-bar-interior-in-the-guest-house.-Provence-style.jpg
527,https://homeklondike.site/wp-content/uploads/2017/02/2-Provence-style-bathroom-interior-design-vintage-retro-bathtub-decor-pastel-colors-furniture-worn-aged-wash-basin-cabinet-woven-metal-baskets.jpg
528,"https://i.gr-assets.com/images/S/compressed.photo.goodreads.com/books/1403474286i/994286._UY630_SR1200,630_.jpg"
529,https://modernity.ams3.cdn.digitaloceanspaces.com/2016/11/PYchair-683x1024.jpg
530,https://cdn.shopify.com/s/files/1/1868/2841/products/GIG-PROVGRLG-Burgon-and-Ball-Provence-Grey-Large-07g_large.jpg?v=1659712718
531,https://media-cdn.tripadvisor.com/media/photo-p/1a/57/49/7d/provence-interior.jpg
532,https://interiorcrisp.com/wp-content/uploads/2019/08/visite-priv%C3%A9e-chez-designer-en-Provence-Interior-Crisp-blog-12-1000x792.jpg
533,https://lookaside.fbsbx.com/lookaside/crawler/media/?media_id=4185618988165294
534,https://media-exp1.licdn.com/dms/image/C4E22AQENaCqE3HU1_Q/feedshare-shrink_800/0/1643905727947?e=2147483647&v=beta&t=-2zBWnR23-46l4vgk2DAgCtAdE9gysswkwGhSihbv-M
535,https://c8.alamy.com/comp/MNKTCT/sunny-living-room-with-big-bouquet-on-round-table-interior-in-provence-style-MNKTCT.jpg
536,http://menu.mt.co.kr/moneyweek/thumb/2014/06/24/06/2014062411108071587_1.jpg
537,https://mobileimages.lowes.com/productimages/41c35b0d-fc8f-418a-985c-59faed15fa2c/43218972.jpg?size=xl
538,https://www.akropolealfa.lv/image/16449388244563_430_430_1.jpg
539,https://www.hellolovelystudio.com/wp-content/uploads/2018/08/hotelparticulieravignon-21-1440x958.jpg
540,http://www.timbermillutah.com/uploads/8/4/5/0/8450322/rego-doors.jpg
541,https://www.pufikhomes.com/wp-content/uploads/2018/03/stil-provanse-v-dizayner-interiera-pufikhomes-9.jpg
542,https://images.france.fr/zeaejvyq9bhj/ZoYZNhPJSrem85wRGFAY8/4fc80eaeea79d732a643a525cd4fe481/optimized-Le_Bristol_Paris_-_Suite_Paris_-_Marc_Chagall_-_4_5721.jpg?w=680&h=680&q=70&fl=progressive&fit=fill
543,https://previews.123rf.com/images/kotkoa/kotkoa1703/kotkoa170300052/74047751-%EC%9D%B8%ED%85%8C%EB%A6%AC%EC%96%B4%EC%97%90-%EB%9D%BC%EB%B2%A4%EB%8D%94%EC%9E%85%EB%8B%88%EB%8B%A4-%ED%94%BC%EB%8A%94-%EB%9D%BC%EB%B2%A4%EB%8D%94-%ED%94%84%EB%A1%9C%EB%B0%A9%EC%8A%A4-%EC%9D%B8%ED%85%8C%EB%A6%AC%EC%96%B4-%ED%9D%B0-%EB%B2%BD%EC%97%90-%EB%9D%BC%EB%B2%A4%EB%8D%94%EC%9E%85%EB%8B%88%EB%8B%A4-.jpg
544,https://modo-phinf.pstatic.net/20181011_115/1539226971857BWUDQ_PNG/mosal7zusz.png?type=w1100
545,https://lorenzio.net/wp-content/uploads/2018/07/Stil-provans-v-interere.jpg
546,https://render.fineartamerica.com/images/rendered/small/throw-pillow/images/artworkimages/medium/3/provence-interior-room-portrait-37-watercolor-painting-mona-edulesco.jpg?transparent=0&targetx=0&targety=0&imagewidth=479&imageheight=479&modelwidth=479&modelheight=479&backgroundcolor=2B232C&orientation=0&producttype=throwpillow-14-14&imageid=26996047
547,https://sih.bky.ph/eyJidWNrZXQiOiJwaG9uZWJvb2t5Iiwia2V5IjoibGlzdGluZ3MvYXNzZXRzLzAwMC8wMTEvMjAxL29yaWdpbmFsL0JLWS1DTi1MYV9Qcm92ZW5jZS05NDc3LkpQRyIsImVkaXRzIjp7InJlc2l6ZSI6eyJ3aWR0aCI6MTgwLCJoZWlnaHQiOjE4MCwiZml0IjoiY292ZXIifX19
548,https://miro.medium.com/max/1200/1*5o25e64vPIpyif2JlAudyg.jpeg
549,https://i.pinimg.com/550x/c1/f4/8d/c1f48dab24639e730ea4c18eb8536b91.jpg
550,"https://images.homify.com/c_fill,f_auto,h_240,q_auto,w_320/v1439994334/p/photo/image/556143/NG-STUDIO_Interior_design_Beauleu_sur_mer_2.jpg"
551,https://park-zodchy.com/images/portfolio/craft/1/image02.jpg
552,https://mblogthumb-phinf.pstatic.net/MjAxNzA2MTJfMTUw/MDAxNDk3MjQ3MDQxNTA0.wQZgooyKOtceTAKu6M1RKkYO-bwJO0ikeUSX7ksc24Ag.pnT0UxhcL0IkE9tSfdxUOkPDcmO20XVaDWFYJ9bAj5Ag.JPEG.provenceid/%EC%A0%95%EB%A6%BC%EC%9A%B0%EC%84%B1-%ED%98%84%EA%B4%80.jpg?type=w800
553,https://img.restaurantguru.com/ca57-Le-Bistroquet-Aix-en-Provence-interior.jpg
554,https://st.hzcdn.com/fimgs/pictures/family-rooms/theme-of-provence-interior-design-of-apartments-on-cote-d-azur-ng-studio-interior-design-sanremo-img~a4519f6005360ec0_4260-1-754fd9b-w320-h320-b1-p10.jpg
555,https://ssmscdn.yp.ca/image/resize/1c30a714-fcce-46f9-99c4-0723f6563ea4/ypui-d-mp-pic-gal-lg/l-occitane-en-provence-3.jpg
556,https://mybuildingsupplies.ie/wp-content/uploads/2021/09/Provence-Gas-Stove-Matt-Black.jpg
557,http://img.wemep.co.kr/deal/0/283/2082830/75f15d381dade76e9149a46b9801614c937ba3dd_slice_0.jpg
558,https://m.media-amazon.com/images/I/91MD4n-w9oL._AC_SX466_.jpg
559,https://as2.ftcdn.net/v2/jpg/03/03/78/27/1000_F_303782700_a8DC6rIZ6sJuQj0lHF2bB0ILIs7WbNC2.jpg
560,https://en.pimg.jp/059/961/918/1/59961918.jpg
561,https://foto.hrsstatic.com/fotos/0/2/1280/1280/100/FFFFFF/http%3A%2F%2Ffoto-origin.hrsstatic.com%2Ffoto%2F1%2F5%2F2%2F1%2F152188%2F152188_i_3875012.jpg/2TT5DcQSeJyygWCCEhQd1Q%3D%3D/1024%2C684/6/De_Provence-Tarascon-Interior_view-19-152188.jpg
562,https://st4.depositphotos.com/16229314/23244/v/1600/depositphotos_232441452-stock-illustration-gentleman-smoking-tube-near-home.jpg
563,https://www.villanovo.com/photos/4078/provence-chateau-de-lusannes-19698088155fd28b56da9999.49301907.1920.jpg
564,https://i.guim.co.uk/img/media/9099166723965ad6110be8736ac6ae31d4ed4a06/32_417_1953_2441/master/1953.jpg?width=700&quality=85&auto=format&fit=max&s=1a480b55fe9f5dd577ffd635d706bd86
565,https://static.vecteezy.com/system/resources/thumbnails/006/109/176/small/farmhouse-wavy-rope-stripe-pattern-provence-linen-shabby-chic-style-hand-drawn-rustic-nautical-texture-background-interior-wallpaper-summer-home-decoration-striped-textile-allover-print-vector.jpg
566,https://a.1stdibscdn.com/provence-interiors-hardcover-book-for-sale-picture-3/f_9463/f_200454921596119714416/IMG_1668_master.JPG?width=768
567,https://www.architectureartdesigns.com/wp-content/uploads/2019/02/12-4-e1550428200859-630x422.jpg
568,https://www.sergeyorlovphoto.com/wp-content/uploads/2016/06/Sergey-Orlov-Photo_Visitors_of_a_medieval_cathedral_are_enjoying_awe_and_greatness_of_spirit_2014_07_20_Provence_ASC_4337.jpg
569,https://cdm0lfbn.cloudimg.io/v7/_images_base_/image_uploader/photos/45/original/auberge-de-la-reine-jeanne-restaurant-saint-remy-de-provence-interior.jpg?p=large
570,http://homeklondike.site/wp-content/uploads/2017/02/0-Provence-style-bathroom-interior-design-vintage-retro-bathtub-decor-pastel-colors-furniture-clawfoot-bath-shelves-window-basket.jpg
571,https://i.ytimg.com/vi/bGljbhT6-bY/hqdefault.jpg
572,https://interiorcrisp.com/wp-content/uploads/2019/07/visite-priv%C3%A9e-chez-designer-en-Provence-Interior-Crisp-blog-4-e1566464243223-532x800.jpg
573,https://images.costco-static.com/ImageDelivery/imageService?profileId=12026540&imageId=1536021-847__1&recipeName=350
574,https://dusk.com/media/wysiwyg/top-nav-living-new-season.jpg
575,https://www.lhome.co.kr/data/file/02_03/1794588890_EePOJ3hS_EC8DB8EB84A4EC9DBC.jpg
576,https://64.media.tumblr.com/86ec0e1861a4fb4e775a4a04ac493c34/ebadd942439b2928-c8/s540x810/72375e86d5a79e7bd135766623cf06a503b23163.jpg
577,https://bevin.com.au/wp-content/uploads/Provence-interior-Unit-2-Bedroom-1.png
578,https://www.myluxuryproducts.com/file/image/w800/h800/fit276759i0ad9c8de30b1f7e3905.jpg
579,https://lookaside.fbsbx.com/lookaside/crawler/media/?media_id=2576807932552330
580,https://thumbs.dreamstime.com/t/french-press-cup-tea-sponge-cake-orange-provence-interior-73564584.jpg
581,https://cdnb.artstation.com/p/assets/images/images/035/778/035/smaller_square/ksenia-b-4.jpg?1615881554
582,https://media.thepeakmagazine.com.sg/public/2022/09/SG-3.jpg?compress=true&quality=80&w=480&dpr=2.6
583,https://img.freepik.com/premium-photo/bedroom-with-sofa-bed-table-by-window-provence-style-interior-with-white-furniture-blue-walls-3d-rendering_295714-5288.jpg
584,https://www.aleou.fr/images/etablissements/2178/moy/citycentervieuxportmarseilleinterieur.jpg
585,https://i0.wp.com/shades-of-provence.com/wp-content/uploads/2021/10/cropped-cropped-cropped-original.png?fit=512%2C492&ssl=1
586,https://cdn.phonebooky.com/blog/wp-content/uploads/2019/07/02145907/BKY-CN-La-Provence-9462.jpg
587,https://decorexpro.com/images/article/orig/2018/02/oformlenie-gostinoj-s-kaminom-v-stile-provans-20.jpg
588,https://c8.alamy.com/comp/2H4A35K/design-bedroom-interior-in-white-and-blue-provence-modern-light-2H4A35K.jpg
589,https://i.pinimg.com/236x/87/b8/07/87b807e0d303510cb9bca7a30b724e24.jpg
590,https://lorenzio.net/wp-content/uploads/2018/07/123-1.jpg
591,https://i.etsystatic.com/16441055/r/il/1d6d41/3932149188/il_fullxfull.3932149188_i2fl.jpg
592,https://miro.medium.com/max/1400/1*udfaG_40eSt6R0n_2MTFDA.jpeg
593,https://i.pinimg.com/originals/1a/95/d6/1a95d60c6674b086c2567fcaa86af110.jpg
594,https://www.furnituretoday.com/wp-content/uploads/2022/10/thumbnail_HPU-JH-Adams-1.jpg
595,https://cdn.imweb.me/thumbnail/20201013/ceadaa30c1cfa.png
596,https://st.hzcdn.com/simgs/pictures/living-rooms/theme-of-provence-interior-design-of-apartments-on-cote-d-azur-ng-studio-interior-design-sanremo-img~9161e14305360fdf_4-9962-1-5f8146d.jpg
597,https://pictures.abebooks.com/isbn/9783822886021-us.jpg
598,https://ssmscdn.yp.ca/image/resize/8a92a57e-31b5-4bdc-a71e-52c950b2cc7b/ypui-d-mp-pic-gal-lg/l-occitane-en-provence-4.jpg
599,https://cdm0lfbn.cloudimg.io/v7/_images_base_/image_uploader/photos/8e/original/le-saint-esteve-restaurant-aix-en-provence-interior-aix-en-provence.jpg?p=large
600,http://imagescdn.gettyimagesbank.com/500/18/434/748/0/1081268300.jpg
601,https://foto.hrsstatic.com/fotos/0/2/1280/1280/100/FFFFFF/http%3A%2F%2Ffoto-origin.hrsstatic.com%2Ffoto%2F1%2F5%2F2%2F1%2F152188%2F152188_i_3874893.jpg/yt6humGFspYqYAqpFKbcUg%3D%3D/1024%2C684/6/De_Provence-Tarascon-Interior_view-19-152188.jpg
602,https://homeklondike.site/wp-content/uploads/2017/03/1-2-Provence-style-interior-lounge-living-room-design-white-walls-floral-motifs-pattern-two-sofas-faux-fireplace-bookshelves-around-doorway-glass-doors-flowers-chandelier-green-accents-pale-yellow-wallpaper-block.jpg
603,https://www.theglampad.com/wp-content/uploads/2021/06/vendome_provence_Le-Mas-des-Poiriers-12-09-20_1134.jpg
604,https://mblogthumb-phinf.pstatic.net/MjAxNzAzMjJfMTcz/MDAxNDkwMTYwNDk3NDk4.TPc0MNCLiSNku3dx2a6N1oaVch4zYnWp32-KCxgX_DUg.Si-NQPgm9TcBf-_A-yoKtPXspq2fVzdftVVCfAm2T4gg.JPEG.provenceid/%ED%81%AC%EB%A1%9C%EB%B0%94117-607_%EB%A9%94%EC%9D%B8%EC%82%AC%EC%A7%84.jpg?type=w800
605,https://previews.123rf.com/images/tea/tea1903/tea190302886/120010540-moscow-russia-circa-september-2018-interior-shot-of-a-l-occitane-store-in-moscow-l-occitane-en-prove.jpg
606,https://interiorcrisp.com/wp-content/uploads/2019/08/visite-priv%C3%A9e-chez-designer-en-Provence-Interior-Crisp-blog-24-1000x741.jpg
607,https://cdn.shopify.com/s/files/1/1868/2841/products/GIG-PROVGRLG-Burgon-and-Ball-Provence-Grey-Large-05e_large.jpg?v=1659712718
608,https://deavita.net/wp-content/uploads/2021/02/modern-bathroom-French-Provence-decor-ideas.jpg
609,https://static.vecteezy.com/system/resources/thumbnails/006/109/179/small/farmhouse-wavy-rope-stripe-pattern-provence-linen-shabby-chic-style-hand-drawn-rustic-nautical-texture-background-interior-wallpaper-summer-home-decoration-striped-textile-allover-print-vector.jpg
610,https://ritzparis.twic.pics/prod/ritz_paris_garden_0.jpg?twic=v1/cover=820x615/quality=85
611,https://modernity.ams3.cdn.digitaloceanspaces.com/2016/11/PYsofa-682x1024.jpg
612,https://www.pufikhomes.com/wp-content/uploads/2018/03/stil-provanse-v-dizayner-interiera-pufikhomes-3-1.jpg
613,https://www.myluxuryproducts.com/file/image/w800/h800/fit276758i0ad9c8d0d1e5da0d962.jpg
614,https://st4.depositphotos.com/6385206/24288/i/450/depositphotos_242885404-stock-photo-kitchen-cooking-interior-provence-style.jpg
615,https://chezaro.com/wp-content/uploads/2018/08/Pop-art_v_interiere_15-650x433.x15701.jpg
616,https://sih.bky.ph/eyJidWNrZXQiOiJwaG9uZWJvb2t5Iiwia2V5IjoibGlzdGluZ3MvYXNzZXRzLzAwMC8wMTEvMjAzL29yaWdpbmFsL0JLWS1DTi1MYV9Qcm92ZW5jZS05NDg3LkpQRyIsImVkaXRzIjp7InJlc2l6ZSI6eyJ3aWR0aCI6MTgwLCJoZWlnaHQiOjE4MCwiZml0IjoiY292ZXIifX19
617,https://st2.depositphotos.com/5167347/9298/i/450/depositphotos_92980176-stock-photo-light-modern-interior.jpg
618,https://media-cdn.tripadvisor.com/media/photo-s/1a/57/49/89/provence-exterior.jpg
619,https://i.pinimg.com/236x/18/5f/d5/185fd53dfd35983b402a7d07e7f88034.jpg
620,https://i.etsystatic.com/6378624/r/il/c6a418/1559810517/il_fullxfull.1559810517_imeb.jpg
621,http://imagescdn.gettyimagesbank.com/500/13/576/741/0/462406179.jpg
622,https://interiorcrisp.com/wp-content/uploads/2019/07/visite-priv%C3%A9e-chez-designer-en-Provence-Interior-Crisp-blog-3-e1566464257419-532x800.jpg
623,https://bevin.com.au/wp-content/uploads/Provence-interior-Unit-2-Bathroom-1.png
624,https://static.vecteezy.com/system/resources/thumbnails/006/333/872/small/farmhouse-wavy-rope-stripe-pattern-provence-linen-shabby-chic-style-hand-drawn-rustic-nautical-texture-background-interior-wallpaper-summer-home-decoration-striped-textile-allover-print-vector.jpg
625,https://www.pufikhomes.com/wp-content/uploads/2018/03/stil-provanse-v-dizayner-interiera-pufikhomes-30.jpg
626,https://lorenzio.net/wp-content/uploads/2018/07/svetlaya-detskaya-komnata-v-stile-provans-dlya-devochki.jpg
627,http://st2.depositphotos.com/1213034/10953/i/450/depositphotos_109536546-Provence-in-the-interior.jpg
628,https://st.hzcdn.com/fimgs/pictures/living-rooms/theme-of-provence-interior-design-of-apartments-on-cote-d-azur-ng-studio-interior-design-sanremo-img~5fb1110b05360e77_9962-1-0af32af-w320-h320-b1-p10.jpg
629,https://ssmscdn.yp.ca/image/resize/e9db65b6-a707-430f-a719-e1bab30c149e/ypui-d-mp-pic-gal-lg/l-occitane-en-provence-2.jpg
630,https://www.aleou.fr/images/etablissements/15279/moy/marriottrenaissanceaixenprovencepiscineinterieure.jpg
631,https://www.myluxuryproducts.com/file/image/w800/h800/fit276760i0ad9c8dd51580d60c9b.jpg
632,https://i.pinimg.com/236x/80/91/bf/8091bf0a340f62c38618cedc1f65233f.jpg
633,https://i.etsystatic.com/22485202/r/il/19f190/2955929206/il_340x270.2955929206_pkoh.jpg
634,https://www.architectureartdesigns.com/wp-content/uploads/2018/07/La-Pyrenee-Maison-de-Provence-630x480.jpg
635,https://t4.ftcdn.net/jpg/01/44/58/57/360_F_144585762_8R24Bg7vlF0B8mjkFZ2Z4qlnzw3IGrJE.jpg
636,https://www.pufikhomes.com/wp-content/uploads/2018/03/stil-provanse-v-dizayner-interiera-pufikhomes-24-1.jpg
637,https://foto.hrsstatic.com/fotos/0/2/1280/1280/100/FFFFFF/http%3A%2F%2Ffoto-origin.hrsstatic.com%2Ffoto%2F1%2F5%2F2%2F1%2F152188%2F152188_i_3875023.jpg/4vLwFqkVuJC1RuiGRka65Q%3D%3D/1024%2C684/6/De_Provence-Tarascon-Interior_view-19-152188.jpg
638,https://static.vecteezy.com/system/resources/thumbnails/006/109/169/small/farmhouse-wavy-rope-stripe-pattern-provence-linen-shabby-chic-style-hand-drawn-rustic-nautical-texture-background-interior-wallpaper-summer-home-decoration-striped-textile-allover-print-vector.jpg
639,https://park-zodchy.com/images/portfolio/restzone/5/klassicheskiy_interier_2.jpg
640,http://st2.depositphotos.com/3199441/9946/i/450/depositphotos_99462768-antique-vase-Provence-interior-ceramic-lavender-blue-gray-purple-beautiful.jpg
641,https://sih.bky.ph/eyJidWNrZXQiOiJwaG9uZWJvb2t5Iiwia2V5IjoibGlzdGluZ3MvYXNzZXRzLzAwMC8wMTEvMTk4L29yaWdpbmFsL0JLWS1DTi1MYV9Qcm92ZW5jZS05NDcwLkpQRyIsImVkaXRzIjp7InJlc2l6ZSI6eyJ3aWR0aCI6MTgwLCJoZWlnaHQiOjE4MCwiZml0IjoiY292ZXIifX19
642,https://miro.medium.com/fit/c/224/224/1*Gd3Oy4USr6elVjmgGonYQw.jpeg
643,https://a.1stdibscdn.com/provence-interiors-hardcover-book-for-sale-picture-2/f_9463/f_200454921596119564698/IMG_1667_master.JPG?width=768
644,https://lorenzio.net/wp-content/uploads/2018/07/%D0%BF%D1%80%D0%BE%D0%B2%D0%B0%D0%BD%D1%81-%D0%9B%D0%BE%D1%80%D0%B5%D1%81.jpg
645,https://ssmscdn.yp.ca/image/resize/b7b62e16-3113-4bd5-92e4-e29beca50e20/ypui-d-mp-pic-gal-lg/l-occitane-en-provence-2.jpg
646,https://www.theglampad.com/wp-content/uploads/2021/06/vendome_provence_Le-Mas-des-Poiriers-10-09-20_0107.jpg
647,https://i.pinimg.com/236x/93/89/0c/93890c62fa91eef9cdae5393222927a4.jpg
648,http://imagescdn.gettyimagesbank.com/500/20/297/817/0/1263683397.jpg
649,https://i.etsystatic.com/10538625/r/il/2efe6a/4039499924/il_fullxfull.4039499924_8k47.jpg
650,https://www.hellolovelystudio.com/wp-content/uploads/2020/10/haven-in-avignon-provence-france-pale-stone-exterior.jpg
651,https://pictures.abebooks.com/inventory/md/md18011526542.jpg
652,https://sih.bky.ph/eyJidWNrZXQiOiJwaG9uZWJvb2t5Iiwia2V5IjoibGlzdGluZ3MvYXNzZXRzLzAwMC8wMTEvMjA0L29yaWdpbmFsL0JLWS1DTi1MYV9Qcm92ZW5jZS05NDkzLkpQRyIsImVkaXRzIjp7InJlc2l6ZSI6eyJ3aWR0aCI6MTgwLCJoZWlnaHQiOjE4MCwiZml0IjoiY292ZXIifX19
653,https://www.pufikhomes.com/wp-content/uploads/2018/03/stil-provanse-v-dizayner-interiera-pufikhomes-19.jpg
654,https://media.istockphoto.com/photos/bedside-table-light-fixture-pot-with-flower-interior-in-provence-picture-id954966982
655,https://park-zodchy.com/images/portfolio/restzone/5/klassicheskiy_interier_1.jpg
656,https://www.myluxuryproducts.com/file/image/w800/h800/fit276761i0ad9c8db9bf04ad1b70.jpg
657,https://st2.depositphotos.com/5167347/9298/i/450/depositphotos_92980200-stock-photo-light-modern-interior.jpg
658,https://miro.medium.com/fit/c/224/224/1*njq4uxkHRrMccdKlwKGP8Q.jpeg
659,http://imagescdn.gettyimagesbank.com/500/20/297/636/0/1263678880.jpg
660,https://i.pinimg.com/236x/5e/50/e6/5e50e6b6888deedca50e08b23dce557f.jpg
661,https://www.theglampad.com/wp-content/uploads/2021/06/vendome_provence_12-09-20_0893-2.jpg
662,http://st2.depositphotos.com/3199441/10500/i/450/depositphotos_105000984-antique-vase-Provence-interior-ceramic-lavender-blue-gray-purple-beautiful.jpg
663,https://lorenzio.net/wp-content/uploads/2018/07/e0544a_c376d2aab22b720884855e2206e76e58.jpg
664,https://i.etsystatic.com/22339954/r/il/6ed8be/2842740270/il_fullxfull.2842740270_e13o.jpg
665,"https://images-na.ssl-images-amazon.com/images/I/5196A8QEHHL._AC_UL160_SR160,160_.jpg"
666,https://miro.medium.com/max/962/1*6aF1zJGYd1-GRRVW3PshUw.jpeg
667,https://www.pufikhomes.com/wp-content/uploads/2018/03/stil-provanse-v-dizayner-interiera-pufikhomes-28.jpg
668,https://i.pinimg.com/236x/76/fa/b4/76fab48cb723d9ffd4acf0977ac52e89.jpg
669,https://www.theglampad.com/wp-content/uploads/2021/06/vendome_provence_12-09-20_0958-1.jpg
670,https://www.myluxuryproducts.com/file/image/w800/h800/fit276505i0ad9c8d8d6262322952.jpg
671,http://st.depositphotos.com/1014358/5153/i/450/depositphotos_51539827-interior-of-Provence.jpg
672,https://lorenzio.net/wp-content/uploads/2018/07/afczsdfbaovnwuovfkg5.jpg
673,https://cdna.artstation.com/p/assets/images/images/035/778/558/smaller_square/ksenia-b-6-1.jpg?1615883357
674,https://i.etsystatic.com/20277635/r/il/e84b4a/1975010395/il_fullxfull.1975010395_ggh4.jpg
675,https://www.architectureartdesigns.com/wp-content/uploads/2022/09/front-15-200x200.jpg
676,https://i.ytimg.com/vi/pIVHLHnFcDg/maxresdefault.jpg
677,https://i.pinimg.com/236x/c0/2b/ae/c02bae8791ed309aace2eeca38f43588--christmas-log-swedish-christmas.jpg
678,https://www.hellolovelystudio.com/wp-content/uploads/2021/03/001-struggle-quote-5-years-friday-hello-lovely-studio.jpg
679,https://www.colourbox.com/preview/19523567-blooming-lavender-at-provence-interior.jpg
680,https://lorenzio.net/wp-content/uploads/2018/07/Interer-v-stile-provans.jpg
681,https://miro.medium.com/max/1000/1*YfPaYhpEAOEMbhQl4LlrtQ.jpeg
682,https://i.etsystatic.com/20000975/r/il/ac728e/3229620618/il_fullxfull.3229620618_bxte.jpg
683,https://www.pufikhomes.com/wp-content/uploads/2018/03/zhemchuzhina-sen-trope-pufikhomes-7.jpg
684,https://i.pinimg.com/236x/7f/b7/61/7fb7618a3ef98bda7cb3ba18e9d4ca4b--rustic-kitchens-rustic-homes.jpg
685,http://st2.depositphotos.com/1000833/9111/i/450/depositphotos_91114172-girl-with-hearts-in-provence-style-interior.jpg
686,https://www.theglampad.com/wp-content/uploads/2022/03/samantha-varvel-schumacher-chinois-palais-wallpaper-dining-room-165x165.jpeg
687,https://i.etsystatic.com/12769433/r/il/5ca1db/1431961605/il_fullxfull.1431961605_tiq3.jpg
688,https://lorenzio.net/wp-content/uploads/2018/07/f1482a16_ef6b_11e5_80be_0a94ef069547_f1482a16_ef6b_11e5_80be_0a94ef069547.jpeg
689,https://miro.medium.com/fit/c/224/224/1*7BKjuR7hVVfmApbU1VA1uA.jpeg
690,http://st2.depositphotos.com/1070808/6679/i/450/depositphotos_66799841-Lobby-bar-interior-in-hotel.-Provence-style.jpg
691,https://i.pinimg.com/236x/66/d9/7b/66d97bdfdee5d39c1bf7b5c1da75c31e--beautiful-table-settings-place-settings.jpg
692,https://www.pufikhomes.com/wp-content/uploads/2018/03/stil-provanse-v-dizayner-interiera-pufikhomes-33.jpg
693,https://i.etsystatic.com/7981073/r/il/da63a4/934455068/il_fullxfull.934455068_pjgf.jpg
694,http://image.shutterstock.com/display_pic_with_logo/72815/174150095/stock-photo-flowers-in-home-interior-composition-in-the-style-of-provence-174150095.jpg
695,https://lorenzio.net/wp-content/uploads/2018/07/gardins3.jpg
696,https://i.pinimg.com/236x/b2/27/05/b2270533f916e0ded63cbc3731ebc0b3.jpg
697,https://www.theglampad.com/wp-content/uploads/2021/06/vendome_provence_Le-Mas-des-Poiriers-14-09-20_1631_lilac-800x533.jpg
698,https://www.pufikhomes.com/wp-content/uploads/2018/03/stil-provanse-v-dizayner-interiera-pufikhomes-8.jpg
699,https://i.etsystatic.com/29696977/r/il/eb339e/4059826473/il_fullxfull.4059826473_siv3.jpg
700,https://st3.depositphotos.com/34142890/36995/i/450/depositphotos_369952396-stock-photo-decoration-elements-props-interior-provence.jpg
701,https://miro.medium.com/max/1200/1*F1TB0_3-rp_G0KKuRwQ76w.jpeg
702,https://i.pinimg.com/236x/fc/1a/9a/fc1a9a14a3dd7d1b1ed0306afa342374.jpg
703,https://www.pufikhomes.com/wp-content/uploads/2018/03/stil-provanse-v-dizayner-interiera-pufikhomes-27.jpg
704,https://st3.depositphotos.com/11486524/14722/i/450/depositphotos_147220143-stock-photo-provence-rustic-interior-fresh-herbs.jpg
705,https://i.etsystatic.com/10570672/r/il/fb712f/3888122288/il_fullxfull.3888122288_ajdz.jpg
706,https://i.pinimg.com/236x/c7/30/5f/c7305f44471489f2c3be79a8a0b077b0.jpg
707,http://media.istockphoto.com/photos/the-interior-of-abbey-thoronet-in-provence-picture-id453065519
708,https://i.etsystatic.com/7804638/r/il/22896b/3758764855/il_fullxfull.3758764855_k2rx.jpg
709,https://i.pinimg.com/236x/7b/36/a4/7b36a45e4818599ac5f36f18908ccf05.jpg
710,https://miro.medium.com/fit/c/224/224/1*OVX3gd9TPAULxBkDtQ_gsA.jpeg
711,https://www.pufikhomes.com/wp-content/uploads/2018/03/stil-provanse-v-dizayner-interiera-pufikhomes-20.jpg
712,http://st.depositphotos.com/2391659/2638/i/450/depositphotos_26387145-Provence-style-Interior-design-decor.jpg
713,https://i.etsystatic.com/33576828/r/il/59644a/3563201094/il_fullxfull.3563201094_4tgq.jpg
714,https://i.pinimg.com/236x/de/e3/71/dee37102546b042b03fb5f1a87848e10--french-style-french-country.jpg
715,https://st4.depositphotos.com/2827793/21104/i/450/depositphotos_211049178-stock-photo-city-sketch-provence-garden-interior.jpg
716,https://www.pufikhomes.com/wp-content/uploads/2018/03/stil-provanse-v-dizayner-interiera-pufikhomes-18.jpg
717,https://i.etsystatic.com/15537482/r/il/9bc22c/3345898136/il_fullxfull.3345898136_rwjp.jpg
718,https://i.pinimg.com/originals/be/32/d7/be32d7a4e0ebd8021802adda82a1c112.jpg
719,https://miro.medium.com/fit/c/224/224/1*SH-dsRShauEM2Mx638Wvew.jpeg
720,http://image.shutterstock.com/display_pic_with_logo/88713/154844843/stock-photo-embrun-france-june-interior-of-the-cathedral-of-embrun-hautes-alpes-provence-alpes-154844843.jpg
721,https://www.pufikhomes.com/wp-content/uploads/2018/03/stil-provanse-v-dizayner-interiera-pufikhomes-17.jpg
722,https://i.etsystatic.com/21540141/r/il/3b1e1d/3612634714/il_fullxfull.3612634714_dlb4.jpg
723,https://i.pinimg.com/236x/78/71/44/78714495f73f05419651ae239687ef05.jpg
724,https://st3.depositphotos.com/2760050/37598/i/450/depositphotos_375980050-stock-photo-girlfriend-with-happy-face-waits.jpg
725,https://i.pinimg.com/236x/ca/54/30/ca543069257f2785a5a98a08f62b5204--french-style-french-country.jpg
726,https://st3.depositphotos.com/12640654/19450/i/450/depositphotos_194502352-stock-photo-bedroom-in-provence-style-in.jpg
727,https://i.etsystatic.com/22545452/r/il/d996a7/3541792109/il_fullxfull.3541792109_c5do.jpg
728,https://www.pufikhomes.com/wp-content/uploads/2018/03/stil-provanse-v-dizayner-interiera-pufikhomes-16.jpg
729,http://image.shutterstock.com/display_pic_with_logo/70890/160758908/stock-photo-the-interior-of-the-attic-in-the-style-of-provence-160758908.jpg
730,https://i.pinimg.com/236x/ce/ff/b1/ceffb1e0e16400c13f4998bcb418c23e.jpg
731,https://i.etsystatic.com/12181493/r/il/07f349/3565860964/il_fullxfull.3565860964_r0cf.jpg
732,https://www.pufikhomes.com/wp-content/uploads/2018/03/stil-provanse-v-dizayner-interiera-pufikhomes-21.jpg
733,https://st3.depositphotos.com/1301843/31759/i/450/depositphotos_317590360-stock-photo-luxury-modern-provence-styled-grey.jpg
734,https://i.pinimg.com/236x/9e/46/eb/9e46eb5deb816ad9d5d2752760b034d1.jpg
735,https://i.etsystatic.com/20228159/r/il/8c0e25/3714680206/il_fullxfull.3714680206_g8cn.jpg
736,http://st2.depositphotos.com/3199441/9943/i/450/depositphotos_99438676-table-lamp-provence-retro-style-antiques-in-the-interior-molding-decoration-carving-beautiful.jpg
737,https://i.etsystatic.com/35313910/r/il/67bcab/4180180935/il_fullxfull.4180180935_hnl7.jpg
738,https://i.pinimg.com/originals/d5/b8/bf/d5b8bf06a0fd414dbe841e9082ad4e7d.jpg
739,http://image.shutterstock.com/display_pic_with_logo/1441406/200065139/stock-photo-interior-of-the-cafe-in-the-style-of-provence-table-setting-200065139.jpg
740,https://i.etsystatic.com/10718999/r/il/7ea48d/3402562164/il_fullxfull.3402562164_5ca7.jpg
741,https://i.pinimg.com/236x/5f/94/3f/5f943fbe262fa17e81d12a350c3069f9--country-french-magazine-french-country.jpg
742,http://st2.depositphotos.com/1761942/10355/i/450/depositphotos_103556372-The-interior-of-rural-kitchen.-Provence-style..jpg
743,https://i.etsystatic.com/13202743/r/il/6cb64b/1789061675/il_fullxfull.1789061675_f0vt.jpg
744,https://i.pinimg.com/236x/11/11/7c/11117c3ecccdc6e11c09d9f063d9b95e.jpg
745,https://st3.depositphotos.com/34142890/36995/i/450/depositphotos_369952224-stock-photo-room-interior-wooden-wall-provence.jpg
746,https://i.pinimg.com/236x/08/44/46/084446776b14559df58f52728acffb2a.jpg
747,https://st3.depositphotos.com/10024612/15567/i/450/depositphotos_155679542-stock-photo-classic-traditional-provence-white-and.jpg
748,https://i.pinimg.com/236x/34/26/ef/3426efd16bf692308990d25da2ecc7bb--olive.jpg
749,http://st2.depositphotos.com/3199441/10165/i/450/depositphotos_101653530-yellow-armchair-interior-pattern-provence-beautiful-wall-texture-space-text-inscription.jpg
750,https://i.pinimg.com/236x/8a/ae/b6/8aaeb6e1952972a8175a48d5dffdb166.jpg
751,http://st3.depositphotos.com/9600988/13096/i/450/depositphotos_130964880-3d-visualization-of-food-store-The-interior-in-Provence-style.jpg
752,https://i.pinimg.com/236x/a4/38/fc/a438fc101a3588d6e80e8c714d0c3b2d--kitchen-fireplaces-european-decor.jpg
753,https://st4.depositphotos.com/1003675/22544/i/450/depositphotos_225443900-stock-photo-restaurant-interior-style-provence-table.jpg
754,https://i.pinimg.com/236x/91/57/3c/91573c0046dc0023836bdda6c04892a3--white-christmas-christmas-decor.jpg
755,http://images.assetsdelivery.com/compings_v2/only4denn/only4denn1803/only4denn180300031.jpg
756,https://image.shutterstock.com/display_pic_with_logo/1204721/182027747/stock-photo-portrait-of-a-happy-family-the-interior-in-the-style-of-provence-canopy-bed-in-the-background-182027747.jpg
757,https://i.pinimg.com/236x/da/13/85/da1385e933c55b4525826b64746963bb--dining-table-centerpieces-table-decorations.jpg
758,http://static9.depositphotos.com/1474768/1213/i/450/depositphotos_12135930-The-interior-of-Abbey-of-Thoronet-in-Provence-France.jpg
759,https://i.pinimg.com/736x/47/77/65/4777656bd81f3353b25c9e75ac909ec0.jpg
760,https://st4.depositphotos.com/8586658/21178/i/450/depositphotos_211781292-stock-photo-beautiful-provence-style-interior-garden.jpg
761,https://i.pinimg.com/550x/74/bd/c9/74bdc96032a2e260b92a43427c4005e1.jpg
762,http://image.shutterstock.com/display_pic_with_logo/88713/155642207/stock-photo-embrun-france-june-interior-of-the-cathedral-of-embrun-hautes-alpes-provence-alpes-155642207.jpg
763,https://i.pinimg.com/236x/db/cc/89/dbcc89d1ed6dc337a38a22646648c651.jpg
764,http://image.shutterstock.com/display_pic_with_logo/996671/116543581/stock-photo-the-interior-in-the-style-of-provence-with-two-white-chairs-and-a-coffee-table-covered-with-a-linen-116543581.jpg
765,https://i.pinimg.com/236x/73/f3/0d/73f30d68320979837a690f7910466d94--elopement-inspiration-decor-inspiration.jpg
766,"http://image.shutterstock.com/display_pic_with_logo/3288/3288,1268943928,3/stock-photo-kitchen-interior-in-provence-style-48996052.jpg"
767,https://i.pinimg.com/custom_covers/200x150/506443989285616703_1360135353.jpg
768,https://www.colourbox.com/preview/17083517-airplane-interior-flying-over-provence-landscape-with-lavender-fields.jpg
769,https://i.pinimg.com/originals/26/e3/03/26e303977d2948fe20a83da6018f6aeb.jpg
770,http://st2.depositphotos.com/3258807/6324/i/450/depositphotos_63242213-Provence-style-decorations-on-the-wall.jpg
771,https://i.pinimg.com/236x/e7/0a/c9/e70ac9c633139be17928525db555ba28--display-ideas-branches.jpg
772,http://image.shutterstock.com/display_pic_with_logo/88713/153459980/stock-photo-embrun-france-june-interior-of-the-cathedral-of-embrun-hautes-alpes-provence-alpes-153459980.jpg
773,https://i.pinimg.com/236x/2f/e0/dd/2fe0dd3742fe3414131a68c41c2c9d10.jpg
774,https://media.istockphoto.com/photos/armchair-interior-living-room-provence-gray-white-picture-id1007835962
775,https://i.pinimg.com/170x/42/87/3a/42873a62333cc23e526ca191ef222c8a.jpg
776,http://st.depositphotos.com/3538667/4958/i/450/depositphotos_49589813-Catholic-cathedral-interior.-Salon-de-Provence..jpg
777,https://i.pinimg.com/236x/19/d0/af/19d0af641287da73f803a58eb18621c9--workspaces-office-spaces.jpg
778,http://st2.depositphotos.com/1000833/9111/i/450/depositphotos_91114180-mother-and-daughter-in-provence-style-interior.jpg
779,https://i.pinimg.com/originals/3f/96/3c/3f963c2fc27dca9d418e0ac51a05bc20.jpg
780,https://image.shutterstock.com/display_pic_with_logo/2920936/298058363/stock-photo-interior-of-provence-bathroom-d-render-298058363.jpg
781,https://i.pinimg.com/236x/49/85/f1/4985f1b51b5f7805fe28234df23a6dbd.jpg
782,http://st2.depositphotos.com/1000833/9111/i/450/depositphotos_91114114-girl-with-hearts-in-provence-style-interior.jpg
783,https://i.pinimg.com/236x/2b/33/a7/2b33a75e86210a33ff939cc7c8572fc6--rustic-floors-reclaimed-wood-floors.jpg
784,http://image.shutterstock.com/display_pic_with_logo/2920936/298058375/stock-photo-idea-of-provence-bathroom-an-example-of-an-interior-bathroom-with-limited-space-where-the-298058375.jpg
785,https://i.pinimg.com/236x/ea/c2/b4/eac2b401ee414f45e236cc13b20d790e--kitchen-interior-beautiful-kitchens.jpg
786,http://st2.depositphotos.com/3199441/9851/i/450/depositphotos_98517252-ware-tea-cup-set-metal-service-silver-tray-interior-home-kitchen-a-beautiful-Provence-style-porcelain.jpg
787,https://i.pinimg.com/236x/cc/4f/32/cc4f32e66352833cc1e9df14adb16a8d--provence-garden-provence-france.jpg
788,https://st4.depositphotos.com/2760050/22738/i/450/depositphotos_227383174-stock-photo-girl-drinks-coffee-or-tea.jpg
789,http://thumbs.dreamstime.com/x/catholic-cathedral-interior-salon-de-provence-28291891.jpg
790,https://i.pinimg.com/236x/f1/60/10/f160104fe1a8d7b0cc5d6599d6927a25.jpg
791,https://st4.depositphotos.com/1004090/22811/i/450/depositphotos_228119534-stock-photo-interior-cafe-style-provence-table.jpg
792,https://i.pinimg.com/236x/e9/2a/b8/e92ab859d483768739c688f5793f21b5.jpg
793,https://st3.depositphotos.com/6279924/13954/i/450/depositphotos_139546194-stock-photo-provence-style-interior.jpg
794,https://i.pinimg.com/236x/d2/ae/8d/d2ae8da21ba5188638b0158e4492081c.jpg
795,http://st2.depositphotos.com/1000833/9113/i/450/depositphotos_91134030-home-decor-in-provence-style.jpg
796,https://i.pinimg.com/236x/70/37/fd/7037fd1977931c3c2aad1abb1ed43887.jpg
797,"http://image.shutterstock.com/display_pic_with_logo/100444/100444,1320872646,6/stock-photo-interior-of-gothic-church-of-forcalquier-provence-alpes-cote-d-azur-france-88468411.jpg"
798,https://i.pinimg.com/1200x/da/63/9f/da639fac3914df8135cef446b083ef7b.jpg
