0,https://www.nawy.com/blog/wp-content/uploads/2022/07/Modern-Interior-Design.jpg
1,"https://media.architecturaldigest.com/photos/571e97ce818277135ff91620/master/w_2626,h_1821,c_limit/modernist-decor-inspiration-07.jpg"
2,https://www.decorilla.com/online-decorating/wp-content/uploads/2018/10/modern-interior-designer-nyc.jpg
3,https://decombo.com/wp-content/uploads/2020/10/modern-dekorasyon.jpg
4,"https://cdn2.hubspot.net/hubfs/5208252/Corner%20RS%20110H%20Design%20Orly%20Dekter,%20Footage%20by%20Oded%20Smadar%206.jpg"
5,http://cdn.home-designing.com/wp-content/uploads/2019/10/grey-modern-sofa-1.jpg
6,https://www.decorilla.com/online-decorating/wp-content/uploads/2018/10/modern-interior-design-grey-living-room2.png
7,https://images.livspace-cdn.com/plain/https://jumanji.livspace-cdn.com/magazine/wp-content/uploads/sites/2/2018/04/10131835/modern-vs-contemporary-interior-design-difference.jpg
8,https://images.unsplash.com/photo-1600607687920-4e2a09cf159d?ixlib=rb-1.2.1&ixid=MnwxMjA3fDB8MHxzZWFyY2h8MXx8bW9kZXJuJTIwaW50ZXJpb3J8ZW58MHx8MHx8&w=1000&q=80
9,"https://media.architecturaldigest.com/photos/571e97cc741fcddb16b559d1/master/w_2754,h_1753,c_limit/modernist-decor-inspiration-08.jpg"
10,https://foyr.com/learn/wp-content/uploads/2018/10/modern-interior-design-style.jpg
11,https://curatedinterior.com/wp-content/uploads/2022/05/Contemporary-Interior-Design-Elements-Minimalist-Furniture-via-Lee-Broom.jpg
12,https://adornstyles.com/wp-content/uploads/2017/06/modern-urban-interior-design-scaled-958x575-1.jpeg
13,https://corecontracting.ca/assets/blog/1c524744511809.58146c5223657.jpeg
14,https://www.insign.in/wp-content/uploads/2021/01/Insign-images-1-1080x675.jpg
15,https://www.archeffect.net/assets/uploads/media-uploader/modern-interior-design-6-styles-view021659032993.jpg
16,https://www.boutiquehomes.com.au/wp-content/uploads/2019/07/Boutique_Oslo_29_Orana_Estate_INTERIORS_019-1024x683.jpg
17,https://archello.s3.eu-central-1.amazonaws.com/images/2021/09/08/ab-partners-midtown-apartment--modern-interior-design-apartments-archello.1631083770.83.jpg
18,https://muance.eu/wp-content/uploads/2021/05/MU11098-1080x675.jpg
19,https://www.decorilla.com/online-decorating/wp-content/uploads/2020/04/Modern-contemporary-interior-design-living-rooms.jpg
20,http://cdn.shopify.com/s/files/1/0004/4630/0222/articles/top-10-modern-interior-designers_260a6d81-aae7-4caf-834a-7657993e3360_1024x1024.jpg?v=1653583540
21,https://images.adsttc.com/media/images/62c7/f87f/4cfd/3b17/d513/b58b/newsletter/interiors-of-the-future-17-projects-that-show-how-current-cities-and-living-trends-are-influencing-modern-interior-architecture_19.jpg?1657272454
22,https://www.decoraid.com/wp-content/uploads/2021/04/Contemporary-Style-scaled.jpeg
23,https://cdn.mos.cms.futurecdn.net/isVcskKqeJnnCThF9aPGAW.jpg
24,https://images.livspace-cdn.com/plain/https://jumanji.livspace-cdn.com/magazine/wp-content/uploads/sites/3/2020/07/28033809/Cover-18.png
25,https://lookaside.fbsbx.com/lookaside/crawler/media/?media_id=1084604748248851
26,https://as1.ftcdn.net/v2/jpg/04/25/92/74/1000_F_425927449_6KivJK8h6fIl77hejuZ01KABc5jjdT5a.jpg
27,https://archello.com/thumbs/images/2020/02/06/Simple-Modern-Villa-Interior-Design-9.1581019185.9378.jpg?fit=crop&w=414&h=518
28,https://www.mymove.com/wp-content/uploads/2018/02/GettyImages-1202936119.jpg
29,https://homeworlddesign.com/wp-content/uploads/2019/03/Modern-Villa-Interior-Design-2.jpg
30,https://images.ctfassets.net/3s5io6mnxfqz/72DE0Q7UrHwYd0YNMAWQT4/f3ef42b9e157b73bc61a814f261f71a4/AdobeStock_227074608.jpeg
31,https://cf.ltkcdn.net/interiordesign/images/orig/203112-2011x1367-moderninterior.jpg
32,https://cdn.shopify.com/s/files/1/0264/6618/9369/files/Screenshot_2022-01-17_at_21.12.06_2000x1330_crop_center.png?v=1642454208
33,https://lines-hub.com/wp-content/uploads/2020/05/contemporary-design4.jpg
34,https://96interior.com.sg/wp-content/uploads/2021/11/black-minimal-96-interior-kitchen-dining-01.jpg
35,https://lookaside.fbsbx.com/lookaside/crawler/media/?media_id=100057789154428
36,https://i.pinimg.com/originals/2f/f4/da/2ff4daa71fcbce6596ec218982f51f9f.jpg
37,https://en.pimg.jp/048/917/900/1/48917900.jpg
38,https://mir-s3-cdn-cf.behance.net/project_modules/1400/ecee9c44511809.58146c5223d0e.jpg
39,https://images.ctfassets.net/3s5io6mnxfqz/20h2jTlgbUEoNi1FQ8OcCG/80f1242bf4a9b6019437cc685b9e3e73/contemporary-interior-design-guide.jpeg
40,https://cgifurniture.com/wp-content/uploads/2020/12/modern-interior-design-6-styles-View05.jpg
41,https://cdn.homedit.com/wp-content/uploads/2012/01/Gorgeous-Modern-Interior-Design.jpg
42,https://decoholic.org/wp-content/uploads/2020/03/Unique-Contemporary-Interior-1-720x450.jpg
43,https://www.extraspace.com/blog/wp-content/uploads/2020/06/modern-design-vs-minimalist-design.jpg
44,https://image.shutterstock.com/image-illustration/modern-interior-design-wood-floor-600w-711923434.jpg
45,https://3dwarehouse.sketchup.com/warehouse/v1.0/content/public/c226d619-d6fc-48f7-a332-892c97d4235d
46,https://c8.alamy.com/comp/W4RD2X/modern-interior-design-of-house-kitchen-living-room-with-sofa-hall-staircase-3d-rendering-W4RD2X.jpg
47,https://cdn.home-designing.com/wp-content/uploads/2019/11/modern-chandelier-2.jpg
48,https://bestdesignideas.com/wp-content/uploads/2016/02/Modern-design-styles.jpg
49,https://wpcdn.us-midwest-1.vip.tn-cloud.net/www.mountainliving.com/content/uploads/2020/09/By-James-Florio-Anne-Grice_Spalding-Finals_05.jpg
50,https://brabbu.com/blog/wp-content/uploads/2021/05/Jahnstrasse-Dusseldorf-D-1.jpg
51,https://besthqwallpapers.com/Uploads/13-1-2020/118530/thumb2-modern-interior-design-living-room-stylish-gray-interior-modern-style-black-and-white-living-room.jpg
52,http://www.myhouseidea.com/wp-content/uploads/2017/03/Modern-interior-design-by-Shamsudin-Kerimov-01.jpg
53,https://www.jdinstitute.edu.in/media/2022/01/Modern-Interior-Design-vs-Contemporary-Interior-Design-Thumbnail.jpg
54,https://lines-hub.com/wp-content/uploads/2020/05/contemprory15.jpg
55,https://cdn-bnokp.nitrocdn.com/QNoeDwCprhACHQcnEmHgXDhDpbEOlRHH/assets/static/optimized/rev-a2e9e3b/online-decorating/wp-content/uploads/2022/07/Modern-vs-contemporary-interior-design-living-area.jpeg
56,https://as2.ftcdn.net/v2/jpg/02/76/27/71/1000_F_276277144_JQURWhtW1PysXPxF2TA4Yu5naktf7MZH.jpg
57,https://foyr.com/learn/wp-content/uploads/2018/10/modern-interior-design-theme-1024x684.jpg
58,https://en.pimg.jp/061/218/062/1/61218062.jpg
59,https://www.thespruce.com/thmb/824u1UBW7UqPLfvJEuxCeHU4LEs=/1414x1414/smart/filters:no_upscale()/modern--bright-and-airy-scandinavian-design-living-room-1188732010-83a1272db8784a3c858550ecfd165d27.jpg
60,http://cdn.home-designing.com/wp-content/uploads/2014/11/geometric-area-rug.jpeg
61,https://blackandmilk.co.uk/images/detailed/7/london-modern-interior-design-livingroom_u0dn-ii.jpg?t=1478548877
62,https://c8.alamy.com/comp/T1W7KB/modern-interior-design-of-apartment-with-living-room-and-kitchen-3d-rendering-T1W7KB.jpg
63,http://imagescdn.gettyimagesbank.com/500/19/625/821/0/1142746786.jpg
64,https://archello.s3.eu-central-1.amazonaws.com/images/2019/01/07/Interior-Design-of-Luxury-Modern-Residence-6.1546900319.0638.jpg
65,https://mir-s3-cdn-cf.behance.net/project_modules/1400_opt_1/76f80289985341.5e08e9f91044e.jpg
66,https://i.pinimg.com/736x/30/42/28/304228b2d4080d57d3f3c060a6131149.jpg
67,https://decorloving.com/wp-content/uploads/2019/03/Concept-of-dramatic-interior-design.jpg
68,https://www.decoraid.com/wp-content/uploads/2021/04/modern-living-room-design-scaled.jpeg
69,https://www.pouted.com/wp-content/uploads/2017/08/wall-art-interior-design.jpg
70,https://www.decorilla.com/online-decorating/wp-content/uploads/2022/07/Modern-interior-design-for-open-living-space.jpeg
71,http://cdn.home-designing.com/wp-content/uploads/2019/01/Slimline-modern-floor-lamps.jpg
72,https://www.bocadolobo.com/en/inspiration-and-ideas/wp-content/uploads/2021/07/Interior-Design-Ideas-For-Every-Room-Of-Your-Modern-Home-ft-1400x817.jpg
73,https://foyr.com/learn/wp-content/uploads/2020/03/ab.jpg
74,https://wpcdn.us-midwest-1.vip.tn-cloud.net/www.mountainliving.com/content/uploads/data-import/40de0963/RGP-1400.JPG
75,https://as1.ftcdn.net/v2/jpg/02/98/65/12/1000_F_298651231_y9yn8y3uF4MOrSTkd8YDTDPBOpX25jfu.jpg
76,https://en.pimg.jp/044/319/014/1/44319014.jpg
77,https://decombo.com/wp-content/uploads/2020/06/modern-dekorasyon-fikirleri-15.jpg
78,https://lines-hub.com/wp-content/uploads/2020/08/jean-philippe-delberghe_unsplash.jpg
79,https://static.dezeen.com/uploads/2021/04/biscuit-loft-owiu-studio-los-angeles-apartment-interior-japanese-photos-justin-chung_dezeen_2364_hero-b-852x479.jpg
80,https://mydecorative.com/wp-content/uploads/2020/10/urban-modern-interior-design.jpg
81,https://cdn04.storat.com/listings/modern-interior-design-for-your-home-in-abu-dhabi-1-in-icad-1-6027dbcdc91ea_slider.jpeg
82,https://www.decoraid.com/wp-content/uploads/2018/08/contemporary-vs-modern-interior-design.jpg
83,https://archello.s3.eu-central-1.amazonaws.com/images/2020/02/06/Simple-Modern-Villa-Interior-Design-9.1581019185.9378.jpg
84,http://www.flooringamerica.com/root/clientImages/MF7979web/empty-big-150.jpg
85,https://fibreguard.com/uploads/step-wallshelves-organic-modern-interior_mex-fibreguard.JPG
86,http://cdn.shopify.com/s/files/1/0225/6473/3000/articles/6fd8ded6d156de55d4519e36769ffb76_1200x1200.jpg?v=1616688937
87,https://media.istockphoto.com/photos/modern-scandinavian-living-room-interior-3d-render-picture-id1174450689?k=20&m=1174450689&s=612x612&w=0&h=d3VE9oROUA24N1sMT1pB8wG4vdIPye_S6wsJcGxA-4Q=
88,https://ksassets.timeincuk.net/wp/uploads/sites/59/2020/09/IMAGE1_Ula-Burgiel-Interior-Design-4000px.jpg
89,https://www.jdinstitute.edu.in/media/2021/08/Characteristics-of-modern-interior-design-7.jpg
90,https://cdn-bnokp.nitrocdn.com/QNoeDwCprhACHQcnEmHgXDhDpbEOlRHH/assets/static/optimized/rev-a2e9e3b/online-decorating/wp-content/uploads/2018/10/modern-interior-design-online-the-difference-between-modern-and-contemporary-design.jpg
91,https://www.hausvoneden.de/wp-content/uploads/2019/07/rsz_istock-927074272-951x588.jpg
92,https://brabbu.com/blog/wp-content/uploads/2021/11/Modern-Interior-Design-Projects-by-Christian-Liaigre_Hakone.jpg
93,https://www.flooringamerica.com/root/clientImages/MF7979web/2_architecture-2768284_960_720.jpg
94,http://imagescdn.gettyimagesbank.com/500/19/942/761/0/1145805102.jpg
95,https://media.istockphoto.com/photos/interior-design-of-modern-scandinavian-apartment-living-room-3d-picture-id1185197503?b=1&k=20&m=1185197503&s=170667a&w=0&h=2rvi-qEH01E8HmgFGEIHbkEzU_WB-8LLqwUmGaVisJY=
96,https://besthqwallpapers.com/Uploads/23-1-2021/153316/thumb2-living-room-modern-interior-design-large-round-chandelier-living-room-modern-interior-design-white-sofa.jpg
97,https://media.designcafe.com/wp-content/uploads/2021/05/24163029/mid-century-modern-interior-designs-for-your-home.jpg
98,https://en.pimg.jp/055/386/284/1/55386284.jpg
99,https://corecontracting.ca/assets/blog/luxury-made-the-new-contemporary-interior-design-show-5.jpg
100,https://www.residencestyle.com/wp-content/uploads/2019/06/Interior-Designer.jpg
101,https://image.shutterstock.com/image-illustration/modern-interior-design-scandinavian-apartment-260nw-1566283495.jpg
102,http://decoholic.org/wp-content/uploads/2019/06/ultra-contemporary-interior-1.png
103,https://cgifurniture.com/wp-content/uploads/2020/12/modern-interior-design-6-styles-View06.jpg
104,"https://hips.hearstapps.com/hmg-prod/images/gallery-1427491585-salvagni01-1528853855.jpg?crop=0.752xw:1.00xh;0.125xw,0&resize=640:*"
105,https://cdn.shopify.com/s/files/1/0004/4630/0222/files/1508_LONDON_edit-2.jpg?v=1649844367
106,https://5.imimg.com/data5/SELLER/Default/2022/1/GB/PX/EE/12443051/modern-interior-home-design-services-500x500.jpg
107,https://images.squarespace-cdn.com/content/v1/5a96d5d61aef1d04b8d841be/1634663102368-BOHI2Z3Q538NTDUU6UPR/organic-modern-style-interior-design-sagaponack-ecdad4f8254f73316a28896e42927f7f-min.jpeg
108,https://i.pinimg.com/236x/8f/f7/aa/8ff7aa135210b48853b421df2eb35d31.jpg
109,https://www.essentialhome.eu/inspirations/wp-content/uploads/2019/08/Mirabello-Interiors_-Leading-Modern-Interior-Design-In-Qatar_feat.png
110,https://decorloving.com/wp-content/uploads/2019/04/Stylish-Urban-Living-Rooms-1024x614.jpg
111,https://cdn.pixabay.com/photo/2017/01/13/22/11/modern-1978362_1280.jpg
112,https://mir-s3-cdn-cf.behance.net/project_modules/1400_opt_1/e8aa8779340865.5cc0353d8fd04.jpg
113,https://media.designcafe.com/wp-content/uploads/2021/05/24163008/mid-century-modern-interior-design-for-livin-room.jpg
114,http://lerablog.org/wp-content/uploads/2013/07/modern-interior.jpg
115,https://st.hzcdn.com/simgs/pictures/living-rooms/modern-interior-design-mehrdad-hariri-img~9cb1100d0d8349b6_4-6864-1-50e8984.jpg
116,https://decoroutdoor.com/blog/wp-content/uploads/2021/06/mid-century-modern.jpg
117,https://decombo.com/wp-content/uploads/2020/06/modern-dekorasyon-fikirleri-4.jpg
118,https://www.mymove.com/wp-content/uploads/2018/02/GettyImages-1213695541-600x333.jpg
119,https://media.istockphoto.com/photos/modern-scandinavian-living-room-interior-3d-render-picture-id1184204517?b=1&k=20&m=1184204517&s=170667a&w=0&h=5AKfkUCmJun_upYtTCL6mhDJeupe46pdFgbiem-O2-Q=
120,https://www.jdinstitute.edu.in/media/2022/01/Features-of-Contemporary-Interior-Design-Thumbanil.jpg
121,https://adorable-home.com/wp-content/uploads/2016/06/Modern-Dark-Interiors.jpg
122,https://haus-arch.com/wp/wp-content/uploads/2021/12/2021-0724-115-Scandinavian-Modern-Interior-1920-x-1080-web-optimized-1024x576.jpg
123,https://cdn-bnokp.nitrocdn.com/QNoeDwCprhACHQcnEmHgXDhDpbEOlRHH/assets/static/optimized/rev-a2e9e3b/online-decorating/wp-content/uploads/2022/07/difference-between-modern-and-contemporary-interior-design.jpeg
124,http://imagescdn.gettyimagesbank.com/500/20/102/259/0/1257328626.jpg
125,https://t1.daumcdn.net/cfile/tistory/99070D4A5FE53C9310
126,https://images.adsttc.com/media/images/6287/6c6b/3e4b/31cc/7400/0007/newsletter/Image_16.jpg?1653042277
127,https://www.homebunch.com/wp-content/uploads/2019/10/interior-design-DSC_5220.jpg
128,https://cgifurniture.com/wp-content/uploads/2020/12/modern-interior-design-6-styles-View04.jpg
129,https://hydrangeatreehouse.com/wp-content/uploads/2021/02/hickfield-place-5.jpg
130,https://image.shutterstock.com/image-illustration/modern-interior-living-roomblue-sofa-260nw-1326513800.jpg
131,https://www.homestratosphere.com/wp-content/uploads/2017/08/modern-living-room-design-oct30.jpg
132,https://decoroutdoor.com/blog/wp-content/uploads/2021/06/modern.jpg
133,https://i.pinimg.com/736x/a0/0d/25/a00d2589114e11ab98e2b8c968f72fce.jpg
134,https://upload.wikimedia.org/wikipedia/ko/c/c4/Tate_modern_interior_london_arp.jpg
135,https://global-uploads.webflow.com/5e93308b2af0f955a9a2e796/61f787bec8885c2c57c0c1a5_Modern-Interior-Design.jpg
136,https://foyr.com/learn/wp-content/uploads/2020/03/aaa.jpg
137,https://as2.ftcdn.net/v2/jpg/03/09/72/05/1000_F_309720584_8lw5xRSz6YZAtFRNsFUcj6JrRQfFLTbJ.jpg
138,https://hydrangeatreehouse.com/wp-content/uploads/2021/02/hickfield-place-13.jpg
139,https://curatedinterior.com/wp-content/uploads/2022/05/Contemporary-interior-design-fireplace-marble-Muted-Colors-emilydelbellointeriors.jpg
140,"https://www.thespruce.com/thmb/Oa4dPeDzaDD_cuMib2beMkG1Efc=/3000x2000/filters:fill(auto,1)/things-you-should-know-about-mid-century-1391827-hero-3f7752d66cd84ff78366e000d4e7164d.jpg"
141,https://images.unsplash.com/photo-1586023492125-27b2c045efd7?ixlib=rb-1.2.1&ixid=MnwxMjA3fDB8MHxzZWFyY2h8Mnx8bW9kZXJuJTIwaW50ZXJpb3J8ZW58MHx8MHx8&w=1000&q=80
142,https://www.decorilla.com/online-decorating/wp-content/uploads/2020/06/modern-interior-design-living-room-by-decorilla-designer-mladen-c.jpeg
143,https://decombo.com/wp-content/uploads/2020/06/modern-dekorasyon-fikirleri-1.jpg
144,"https://res.cloudinary.com/indonesiadesign/image/upload/f_auto,fl_progressive/flying-pendant-lights-colourful-stools-kitsch-living-room.jpg"
145,http://cdn.home-designing.com/wp-content/uploads/2014/11/warm-open-design.jpg
146,https://global-uploads.webflow.com/5e93308b2af0f955a9a2e796/61f78afa49843bb68ac13b35_Mid-Century-Modern-Interior-Design.jpg
147,https://media.istockphoto.com/photos/mock-up-poster-frame-in-modern-interior-background-living-room-style-picture-id1354262369?k=20&m=1354262369&s=612x612&w=0&h=KzbXA2oEGIIC2ApopWwIw1zGDc-1ynn85PzRs4m8_Kg=
148,https://www.mymove.com/wp-content/uploads/2018/02/GettyImages-1185100386-600x400.jpg
149,https://archello.s3.eu-central-1.amazonaws.com/images/2020/11/03/nid-interior-modern-interior-design-of-2-bedroom-apartment-apartments-archello.1604392458.3519.png
150,https://image.shutterstock.com/image-illustration/modern-interior-design-isolated-floor-260nw-1432951283.jpg
151,https://super.homelane.com/other%20interiors/1636432797157b1a483e96b57-HLKT00000762_resize-800x600_22-main.jpg
152,https://adorable-home.com/wp-content/uploads/2016/11/Contemporary-interior-design-defined.jpg
153,https://t1.daumcdn.net/cfile/tistory/9909264A5FE53C9510
154,https://static.dezeen.com/uploads/2022/01/low-energy-house-interiors-architecture-for-london-uk_dezeen_2364_col_18-852x568.jpg
155,https://www.luxurylifestylemag.co.uk/wp-content/uploads/2022/10/bigstock-Modern-Interior-Design-Of-Livi-382245821.jpg
156,https://en.pimg.jp/046/538/887/1/46538887.jpg
157,https://as2.ftcdn.net/v2/jpg/02/49/68/95/1000_F_249689538_3783xZzBDg514oBSDMqQkkZUyuOmYeyS.jpg
158,http://www.moderninterior.co.kr/data/editor/2202/thumb-c5a220d08fd5730972748ac494a584f6_1643872719_2668_500x500.jpg
159,https://www.decoraid.com/wp-content/uploads/2018/08/contemporary-vs-modern-interior-design-dining-room-ideas.jpg
160,https://foyr.com/learn/wp-content/uploads/2020/03/Contemporary_02.jpg
161,https://cdn.imweb.me/thumbnail/20220630/17eb99515caf3.jpg
162,https://hydrangeatreehouse.com/wp-content/uploads/2021/02/hickfield-place-4.jpg
163,https://imagescdn.gettyimagesbank.com/500/19/625/818/0/1142746787.jpg
164,https://media.architecturaldigest.com/photos/55e770d8302ba71f3016cfd2/master/w_320%2Cc_limit/dam-images-decor-2015-03-kara-ross-kara-ross-stephen-ross-manhattan-penthouse-02-living-room.jpg
165,https://i.pinimg.com/736x/c1/4f/91/c14f9118218df1d42c42ccf0fc75b179.jpg
166,https://i.pinimg.com/originals/6e/ef/28/6eef283e5e1ea3a0ff4a6ff89f6bfe0a.jpg
167,http://cdn.home-designing.com/wp-content/uploads/2014/11/stylish-family-living-room.jpeg
168,https://super.homelane.com/other%20interiors/16364335777383ceb4b34b972-HLKT00000763_resize-800x600_5-main.jpg
169,https://lookaside.fbsbx.com/lookaside/crawler/media/?media_id=679706012088033
170,https://decoroutdoor.com/blog/wp-content/uploads/2021/06/contemporary.jpg
171,https://curatedinterior.com/wp-content/uploads/2022/05/Contemporary-interior-design-dining-room-ideas-Open-floor-plan-StudioDB.jpg
172,https://www.moma.org/d/c/installation_images/W1siZiIsIjM4MTMwMCJdLFsicCIsImNvbnZlcnQiLCItcXVhbGl0eSA5MCAtcmVzaXplIDE1MzZ4MTUzNlx1MDAzZSJdXQ.jpg?sha=7d157c48ad56cd6c
173,https://brabbu.com/blog/wp-content/uploads/2022/07/1-BELLEVUE-HILL-RESIDENCE-Modern-Interior-Design-By-Conway-Wise-Interiors-1.jpg
174,https://decombo.com/wp-content/uploads/2020/06/modern-dekorasyon-fikirleri-14.jpg
175,https://cdn.nazmiyalantiquerugs.com/wp-content/uploads/2020/05/urban-modern-decor-nazmiyal.jpg
176,https://www.luxurylifestylemag.co.uk/wp-content/uploads/2022/09/bigstock-Interior-Design-Of-Modern-Apar-435453590-510x402.jpg
177,https://www.jdinstitute.edu.in/media/2022/01/What-is-contemporary-interior-design-3.jpg
178,"https://hips.hearstapps.com/hmg-prod.s3.amazonaws.com/images/modern-kitchen-ideas-wynnstay-04-1569349869.jpg?crop=1xw:0.999498997995992xh;center,top&resize=480:*"
179,https://media.istockphoto.com/photos/modern-living-interior-picture-id1317785237?b=1&k=20&m=1317785237&s=170667a&w=0&h=Egi03IitHQzELWid21BGgm3wDe6WMYjEhzDo-kg4m0Q=
180,https://t1.daumcdn.net/cfile/tistory/9909414A5FE53C9610
181,https://as2.ftcdn.net/v2/jpg/02/28/58/05/1000_F_228580588_7l3hpOSPwxdpXabuKr3VgizdoE5K8Op5.jpg
182,https://metro.co.uk/wp-content/uploads/2022/09/GettyImages-1388092850.jpg?quality=90&strip=all&zoom=1&resize=480%2C269
183,https://cdn.shopify.com/s/files/1/0004/4630/0222/files/isabella_costantini_Image.jpg?53529
184,https://image.shutterstock.com/image-illustration/vintage-modern-interior-living-room-260nw-759231292.jpg
185,https://secure.img1-fg.wfcdn.com/im/45271091/scale-h600-w855%5Ecompr-r85/2219/221900879/default_name.jpg
186,https://foyr.com/learn/wp-content/uploads/2018/10/modern-interior-design-color-palette-1024x684.png
187,https://static.dezeen.com/uploads/2021/08/louveira-apartment-sao-paulo-ana-luiza-almeida-prado-sawaia_dezeen_2364_col_0-852x568.jpg
188,http://www.moderninterior.co.kr/data/editor/2202/thumb-c5a220d08fd5730972748ac494a584f6_1643869385_7597_500x500.jpg
189,https://i.pinimg.com/236x/1d/2f/fc/1d2ffca38e49d55e8954f412f3518363.jpg
190,https://global-uploads.webflow.com/5e93308b2af0f955a9a2e796/62667d2931378c11d6c94fc7_modern-interior-design.jpg
191,https://www.decoraid.com/wp-content/uploads/2018/08/contemporary-vs-modern-interior-design-living-room-ideas.jpg
192,"https://hips.hearstapps.com/hmg-prod/images/1-claire-esparros-1544213058.jpg?crop=0.900xw:1.00xh;0,0&resize=480:*"
193,https://imagescdn.gettyimagesbank.com/500/19/625/824/0/1142746785.jpg
194,http://cdn.home-designing.com/wp-content/uploads/2019/07/modern-interior-with-light-natural-wood-finishes.jpg
195,https://decoroutdoor.com/blog/wp-content/uploads/2021/06/post-modern.jpg
196,https://adorable-home.com/wp-content/uploads/2016/11/Art-deco-interior-design-defined.jpg
197,https://cdn-bnokp.nitrocdn.com/QNoeDwCprhACHQcnEmHgXDhDpbEOlRHH/assets/static/optimized/rev-a2e9e3b/online-decorating/wp-content/uploads/2018/10/modern-home-interior-design-modern-art.png
198,"https://www.thespruce.com/thmb/KXmHsuJ6btHV-xb2XEvezZqn6No=/1500x1000/filters:fill(auto,1)/designer-guide-to-contemporary-style-1976503_hero3228-9f64262584434214ba0edfcd81f0683a.jpg"
199,https://en.pimg.jp/072/363/407/1/72363407.jpg
200,https://hydrangeatreehouse.com/wp-content/uploads/2021/02/modern-georgian-interior-style.jpg
201,https://media.istockphoto.com/photos/3d-render-of-a-contemporary-living-room-interior-picture-id1357529184?b=1&k=20&m=1357529184&s=170667a&w=0&h=HbWuITBOWrZAiBPmGEc43pRWMY3bcnF8y7XzYF8NMk8=
202,https://media.architecturaldigest.com/photos/5744d380ff9db5a43d5cf9c7/master/w_320%2Cc_limit/contemporary-interior-design-005.jpg
203,https://jumanji.livspace-cdn.com/magazine/wp-content/uploads/sites/2/2018/04/10131153/modern-vs-contemporary-interior-designs-bedroom.jpg
204,https://as2.ftcdn.net/v2/jpg/03/09/72/05/1000_F_309720582_MhRph8O7bojtgDWl7iNRHjVQugVAx8a9.jpg
205,https://image.shutterstock.com/image-illustration/modern-interior-country-house-dark-260nw-1312138394.jpg
206,https://foyr.com/learn/wp-content/uploads/2018/10/modern-interior-design-flooring-1024x622.jpeg
207,http://www.moderninterior.co.kr/data/editor/2202/thumb-c5a220d08fd5730972748ac494a584f6_1643864531_3835_500x500.jpg
208,https://i.pinimg.com/736x/b1/f5/c6/b1f5c64c285f9ca9a8027052096c1f3e.jpg
209,https://www.decoraid.com/wp-content/uploads/2021/04/modern-urban-living-room-2500x1750.jpeg
210,https://decombo.com/wp-content/uploads/2020/06/modern-dekorasyon-fikirleri-11.jpg
211,https://en.pimg.jp/071/143/782/1/71143782.jpg
212,https://static.dezeen.com/uploads/2021/09/ten-mid-century-modern-interiors-lookbook_dezeen_2364_col_0.jpg
213,https://curatedinterior.com/wp-content/uploads/2022/05/Contemporary-interior-design-marble-kitchen-jeremiah-brent.jpg
214,https://cdn.shopify.com/s/files/1/0004/4630/0222/products/3e0cfce630ef6cadae048043fc9dc568_large.jpg?v=1643013568
215,https://archello.com/thumbs/images/2021/09/08/ab-partners-midtown-apartment--modern-interior-design-apartments-archello.1631082901.6716.jpg?fit=crop&auto=compress&w=546&h=709
216,http://imagescdn.gettyimagesbank.com/500/20/986/734/0/1197307974.jpg
217,https://media.architecturaldigest.com/photos/571e97c5818277135ff91610/master/w_320%2Cc_limit/modernist-decor-inspiration-02.jpg
218,https://image.shutterstock.com/shutterstock/photos/1465306244/display_1500/stock-photo-modern-interior-of-living-room-with-green-sofa-and-armchair-wooden-door-and-cabinet-home-design-1465306244.jpg
219,http://cdn.home-designing.com/wp-content/uploads/2018/01/tessellated-chandelier-fluffy-rug-modern-living-room.jpg
220,https://as2.ftcdn.net/v2/jpg/02/49/68/95/1000_F_249689569_XKEuceGP4Xq77FIljWnG5mLRZFRnm6R9.jpg
221,https://cdn-bnokp.nitrocdn.com/QNoeDwCprhACHQcnEmHgXDhDpbEOlRHH/assets/static/optimized/rev-a2e9e3b/online-decorating/wp-content/uploads/2021/09/Luxe-modern-classic-interior-design.jpeg
222,https://foyr.com/learn/wp-content/uploads/2018/10/modern-interior-design-open-floor-plan-798x1024.jpg
223,https://www.decoraid.com/wp-content/uploads/2018/08/minimal-urban-modern-interior-design-style.jpg
224,https://media.istockphoto.com/photos/modern-interior-picture-id853258138?b=1&k=20&m=853258138&s=170667a&w=0&h=2A7hgxWts6O4L201i2K-A__u1kqbGcIRUl7uXRSdlY4=
225,https://i.pinimg.com/736x/4e/b6/0d/4eb60d887d7ba2476cb502fde44c79a5.jpg
226,https://www.interiorzine.com/wp-content/uploads/2015/02/trendy-functional-contemporary-interior.jpg
227,https://imagescdn.gettyimagesbank.com/500/19/625/850/0/1138761989.jpg
228,https://image.shutterstock.com/shutterstock/photos/1899080845/display_1500/stock-photo-modern-interior-of-open-space-with-design-modular-sofa-furniture-wooden-coffee-tables-plaid-1899080845.jpg
229,http://cdn.home-designing.com/wp-content/uploads/2014/11/warm-bedroom-design.jpg
230,https://as1.ftcdn.net/v2/jpg/04/18/45/94/1000_F_418459457_LgIYmqSiFTXuH27tVc5dbYK2Ts9A0cqC.jpg
231,https://cdn.shopify.com/s/files/1/0004/4630/0222/files/Best_Modern_Interior_Design_Furniture_Brands_Dom_Edizioni_Shop_at_LuxDeco.com.jpg?10912
232,https://media.istockphoto.com/photos/modern-living-room-interior-3d-render-picture-id1351673196?b=1&k=20&m=1351673196&s=170667a&w=0&h=2apJd0NbcSPdgQW7JKO4GmU53qam-WWpMX5d9z4NzU4=
233,https://foyr.com/learn/wp-content/uploads/2018/10/modern-interior-design-geometric-patterns-1024x683.jpg
234,https://media.architecturaldigest.com/photos/62d042fc6fcb84149049fb23/1:1/w_640%2Cc_limit/Cippelletti_027.jpg
235,https://i.pinimg.com/236x/b9/ee/97/b9ee979fbc9b39a418379adeb6038d1a.jpg
236,https://en.pimg.jp/055/960/377/1/55960377.jpg
237,https://www.decoraid.com/wp-content/uploads/2022/06/modern-luxury-black-interior-958x575.jpeg
238,http://imagescdn.gettyimagesbank.com/500/17/538/101/0/856414492.jpg
239,http://cdn.home-designing.com/wp-content/uploads/2019/10/grey-and-white-living-room-1.jpg
240,https://www.decorilla.com/online-decorating/wp-content/uploads/2019/06/modern-living-space1.jpg
241,https://image.shutterstock.com/image-illustration/modern-interior-design-isolated-floor-260nw-1432951286.jpg
242,https://media.architecturaldigest.com/photos/6297ba1bf39d1c453062d47a/1:1/w_640%2Cc_limit/CamRuppert_RossFarm_25663%2520copy.jpg
243,https://foyr.com/learn/wp-content/uploads/2020/04/modern-interior-design-style-1024x573.png
244,https://i.pinimg.com/236x/b5/bf/5a/b5bf5addf1730dc361f1144f79357718.jpg
245,https://www.decoraid.com/wp-content/uploads/2018/08/contemporary-vs-modern-interior-design-kitchens.jpg
246,https://brabbu.com/blog/wp-content/uploads/2020/10/Modern-Classic-The-Enduring-Chapter-of-Modern-Contemporary-Ideas-Book-4.jpg
247,https://imagescdn.gettyimagesbank.com/500/18/514/360/0/988465676.jpg
248,https://www.decorilla.com/online-decorating/wp-content/uploads/2021/09/Intimate-modern-classic-living-room-interior-design.jpg
249,https://as1.ftcdn.net/v2/jpg/02/34/88/56/1000_F_234885603_7EurkmM0Suw6n7g1duLYD5rneNLnI9nG.jpg
250,https://media.istockphoto.com/photos/mock-up-poster-frame-in-modern-interior-background-living-room-style-picture-id1364072890?b=1&k=20&m=1364072890&s=170667a&w=0&h=rp-Qe5VSPYNZsochZ1Qy7JNr3s4tMJ1ZZDCpJPSY6mU=
251,https://image.shutterstock.com/image-illustration/interior-living-room-golden-coffee-260nw-1403866592.jpg
252,https://en.pimg.jp/057/549/935/1/57549935.jpg
253,https://foyr.com/learn/wp-content/uploads/2020/03/render0000-58.jpg
254,https://bocadolobo.com/en/inspiration-and-ideas/wp-content/uploads/2017/07/Interior-Design-Ideas-interior-design-interior-designer-art-furniture-art-gallery-art-decor-noveau-home-design-gallery-modern-furniture-modern-design-13.jpg
255,https://cdn-bnokp.nitrocdn.com/QNoeDwCprhACHQcnEmHgXDhDpbEOlRHH/assets/static/optimized/rev-a2e9e3b/online-decorating/wp-content/uploads/2021/09/Luxury-contemporary-interior-design-style-by-Decorilla-designer-Nathalie-I.jpeg
256,https://media.architecturaldigest.com/photos/63209b2b3bb0b3f6d0294792/1:1/w_640%2Cc_limit/DSCF5402.jpg
257,https://as2.ftcdn.net/v2/jpg/04/42/60/83/1000_F_442608391_tpSwQicjhwD6YbdGbrZm7pNsBuxZCUQV.jpg
258,https://imagescdn.gettyimagesbank.com/500/19/514/328/0/1133864135.jpg
259,http://cdn.home-designing.com/wp-content/uploads/2022/09/modern-boho-300x250.jpg
260,https://i.pinimg.com/236x/25/3f/84/253f846b3e64ca8a3b239d32556a303f--modern-design-contemporary-interior-design.jpg
261,https://www.decoraid.com/wp-content/uploads/2021/05/mid-centruy-modern-interior-design-styles-meaning.jpg
262,https://image.shutterstock.com/image-illustration/modern-interior-apartment-living-room-600w-1507377302.jpg
263,https://foyr.com/learn/wp-content/uploads/2018/10/modern-interior-design-furniture-802x1024.jpg
264,https://media.istockphoto.com/photos/empty-white-wall-with-moldings-in-modern-living-room-mock-up-interior-picture-id1390464554?b=1&k=20&m=1390464554&s=170667a&w=0&h=y28aHwVC4RZqA2o_fhbbXtIKPujtwmlddCPJtlwj3Io=
265,https://www.decorilla.com/online-decorating/wp-content/uploads/2018/10/modern-interior-design-online-living-room-accents-roberto-d.jpg
266,https://www.decoraid.com/wp-content/uploads/2018/08/contemporary-interior-design-ideas.jpg
267,http://cdn.home-designing.com/wp-content/uploads/2014/11/modern-bath.jpg
268,https://image.shutterstock.com/image-illustration/ultra-modern-hitech-design-interior-260nw-62863627.jpg
269,https://i.pinimg.com/236x/fc/ea/41/fcea41cc57d9ef65c16b286c0f8e331e.jpg
270,https://imagescdn.gettyimagesbank.com/500/19/625/812/0/1142747544.jpg
271,https://foyr.com/learn/wp-content/uploads/2018/10/d73bf591298500b3b49b87f666e4dc10.jpg
272,https://cdn-bnokp.nitrocdn.com/QNoeDwCprhACHQcnEmHgXDhDpbEOlRHH/assets/static/optimized/rev-a2e9e3b/online-decorating/wp-content/uploads/2020/07/Living-room-filled-with-mid-century-modern-interior-design-and-decor.jpeg
273,https://www.decoraid.com/wp-content/uploads/2018/08/contemporary-interior-design-colors.jpg
274,https://i.pinimg.com/236x/f7/5d/0c/f75d0c58d39eb659456139caaee9f4e3.jpg
275,http://cdn.home-designing.com/wp-content/uploads/2017/07/swiss-cheese-plant-chinese-pendants-modern-dining-room-575x325.jpg
276,https://cdn-bnokp.nitrocdn.com/QNoeDwCprhACHQcnEmHgXDhDpbEOlRHH/assets/static/optimized/rev-a2e9e3b/online-decorating/wp-content/uploads/2020/07/Classic-sitting-room-with-mid-century-modern-interior-design.jpg
277,https://foyr.com/learn/wp-content/uploads/2020/03/Dvdcos0027_1.jpg
278,https://www.decoraid.com/wp-content/uploads/2021/04/plant-in-modern-interior-2500x1667.jpeg
279,https://image.shutterstock.com/image-illustration/interior-design-living-area-reception-260nw-1127251616.jpg
280,https://www.decoraid.com/wp-content/uploads/2021/05/contemorary-interior-design-style-2500x1530.jpg
281,https://cdn-bnokp.nitrocdn.com/QNoeDwCprhACHQcnEmHgXDhDpbEOlRHH/assets/static/optimized/rev-a2e9e3b/online-decorating/wp-content/uploads/2018/10/modern-interior-design-natural-bedroom-corinne-m.jpg
282,https://i.pinimg.com/736x/c3/16/fd/c316fd26de1eb8d6af136cf51878d48e.jpg
283,https://image.shutterstock.com/image-illustration/interior-spacious-kitchen-grey-walls-260nw-1687325782.jpg
284,https://cdn-bnokp.nitrocdn.com/QNoeDwCprhACHQcnEmHgXDhDpbEOlRHH/assets/static/optimized/rev-a2e9e3b/online-decorating/wp-content/uploads/2022/07/elements-showing-the-difference-between-modern-and-contemporary-interior-design.jpeg
285,https://www.decoraid.com/wp-content/uploads/2018/08/contemporary-style-interior-design-kitchen.jpg
286,https://i.pinimg.com/originals/20/65/3d/20653deb439617ed0a2819e83df3057f.png
287,https://www.decorilla.com/online-decorating/wp-content/uploads/2018/10/modern-interior-design-art-blue.jpg
288,https://www.decoraid.com/wp-content/uploads/2018/08/contemporary-interior-design-foyer.jpg
289,https://cdn-bnokp.nitrocdn.com/QNoeDwCprhACHQcnEmHgXDhDpbEOlRHH/assets/static/optimized/rev-a2e9e3b/online-decorating/wp-content/uploads/2018/10/modern-interior-design-streamlined-furniture-in-a-formal-living-room-lauren-a.jpg
290,https://www.decoraid.com/wp-content/uploads/2021/04/urban-modern-kitchen-interior-2500x1875.jpeg
291,https://www.decorilla.com/online-decorating/wp-content/uploads/2022/07/modern-vs-contemporary-interior-design-for-new-build-house.jpeg
292,https://www.decoraid.com/wp-content/uploads/2018/07/mid-century-modern-bedroom-interior-design.jpg
293,https://cdn-bnokp.nitrocdn.com/QNoeDwCprhACHQcnEmHgXDhDpbEOlRHH/assets/static/optimized/rev-a2e9e3b/online-decorating/wp-content/uploads/2019/06/modern-interior-design-styles.jpg
294,https://cdn-bnokp.nitrocdn.com/QNoeDwCprhACHQcnEmHgXDhDpbEOlRHH/assets/static/optimized/rev-a2e9e3b/online-decorating/wp-content/uploads/2020/07/mid-century-modern-interior-designs-most-iconic-furniture.jpg
295,https://cdn-bnokp.nitrocdn.com/QNoeDwCprhACHQcnEmHgXDhDpbEOlRHH/assets/static/optimized/rev-a2e9e3b/online-decorating/wp-content/uploads/2018/10/modern-interior-design-online-minimal-living-room-renata-b.jpg
296,https://cdn-bnokp.nitrocdn.com/QNoeDwCprhACHQcnEmHgXDhDpbEOlRHH/assets/static/optimized/rev-a2e9e3b/online-decorating/wp-content/uploads/2022/07/Contemporary-Interior-Design-Bedroom.jpeg
297,https://cdn-bnokp.nitrocdn.com/QNoeDwCprhACHQcnEmHgXDhDpbEOlRHH/assets/static/optimized/rev-a2e9e3b/online-decorating/wp-content/uploads/2018/10/modern-interior-design-with-yellow-and-red.jpg
298,https://www.decorilla.com/online-decorating/wp-content/uploads/2019/06/contemporary-interior-design-style.jpg
299,https://cdn-bnokp.nitrocdn.com/QNoeDwCprhACHQcnEmHgXDhDpbEOlRHH/assets/static/optimized/rev-a2e9e3b/online-decorating/wp-content/uploads/2020/07/Colorful-Mid-Century-Interior-Design-Living-Room.jpg
300,https://cdn-bnokp.nitrocdn.com/QNoeDwCprhACHQcnEmHgXDhDpbEOlRHH/assets/static/optimized/rev-a2e9e3b/online-decorating/wp-content/uploads/2019/06/contemporary-style-interior-design.jpg
301,https://cdn-bnokp.nitrocdn.com/QNoeDwCprhACHQcnEmHgXDhDpbEOlRHH/assets/static/optimized/rev-a2e9e3b/online-decorating/wp-content/uploads/2022/07/contemporary-interior-design-vs-modern-decor-elements.jpeg
302,https://cdn-bnokp.nitrocdn.com/QNoeDwCprhACHQcnEmHgXDhDpbEOlRHH/assets/static/optimized/rev-a2e9e3b/online-decorating/wp-content/uploads/2020/07/Bedroom-workstation-with-retro-modern-interior-design.jpg
303,https://cdn-bnokp.nitrocdn.com/QNoeDwCprhACHQcnEmHgXDhDpbEOlRHH/assets/static/optimized/rev-a2e9e3b/online-decorating/wp-content/uploads/2018/08/contemporary-interior-design-lighting.png
304,https://cdn-bnokp.nitrocdn.com/QNoeDwCprhACHQcnEmHgXDhDpbEOlRHH/assets/static/optimized/rev-a2e9e3b/online-decorating/wp-content/uploads/2020/07/Casual-living-room-with-retro-modern-interior-design-elements.jpg
305,https://cdn-bnokp.nitrocdn.com/QNoeDwCprhACHQcnEmHgXDhDpbEOlRHH/assets/static/optimized/rev-a2e9e3b/online-decorating/wp-content/uploads/2020/07/Mid-Century-Interior-Design-Styling-by-Michelle-B..jpg
306,https://cdn-bnokp.nitrocdn.com/QNoeDwCprhACHQcnEmHgXDhDpbEOlRHH/assets/static/optimized/rev-a2e9e3b/online-decorating/wp-content/uploads/2019/06/modern-farmhouse-interior-design-styles.jpg
307,https://www.decorilla.com/online-decorating/wp-content/uploads/2021/09/Classic-modern-interior-before-and-after.jpg
